,height,link,weight
0,6-4,/players/a/ackerto01.shtml,215lb
1,5-7,/players/a/amorosa01.shtml,170lb
2,6-1,/players/a/antonjo02.shtml,185lb
3,5-10,/players/b/baxesmi01.shtml,175lb
4,6-1,/players/b/belarwa01.shtml,185lb
5,5-11,/players/b/bellaze01.shtml,185lb
6,6-3,/players/b/besanfr01.shtml,200lb
7,6-2,/players/b/bevanha01.shtml,198lb
8,6-1,/players/b/bollimi01.shtml,177lb
9,6-2,/players/b/burnspe01.shtml,180lb
10,6-0,/players/c/ceccaar01.shtml,190lb
11,6-3,/players/c/churnch01.shtml,205lb
12,6-2,/players/c/coleda01.shtml,175lb
13,6-8,/players/c/conlege01.shtml,225lb
14,6-1,/players/c/coogada02.shtml,190lb
15,6-4,/players/c/craigro01.shtml,190lb
16,6-1,/players/c/crandde01.shtml,180lb
17,6-0,/players/d/daleype01.shtml,195lb
18,5-10,/players/d/darnebo01.shtml,175lb
19,6-0,/players/d/drakeso01.shtml,170lb
20,6-1,/players/e/ernagfr01.shtml,195lb
21,6-0,/players/f/fischbi01.shtml,190lb
22,5-11,/players/f/foytapa01.shtml,175lb
23,6-4,/players/f/freemma01.shtml,220lb
24,6-0,/players/f/frienbo01.shtml,190lb
25,6-0,/players/f/froatbi01.shtml,180lb
26,6-1,/players/g/gablega01.shtml,190lb
27,6-2,/players/g/gablega02.shtml,165lb
28,6-2,/players/g/gorbogl01.shtml,175lb
29,5-11,/players/g/grabero01.shtml,175lb
30,5-7,/players/g/graffmi01.shtml,158lb
31,6-1,/players/g/grimbo01.shtml,175lb
32,5-11,/players/g/groatdi01.shtml,180lb
33,6-0,/players/g/grossha01.shtml,170lb
34,6-4,/players/g/grunwal01.shtml,210lb
35,6-6,/players/h/halldi01.shtml,200lb
36,5-8,/players/h/harribi03.shtml,187lb
37,5-11,/players/h/harribo02.shtml,178lb
38,6-0,/players/h/hazlebo01.shtml,190lb
39,6-1,/players/h/heiseji01.shtml,185lb
40,6-1,/players/h/hernaev01.shtml,195lb
41,6-1,/players/h/herritr01.shtml,170lb
42,6-1,/players/h/housefr03.shtml,190lb
43,5-9,/players/j/janowvi01.shtml,185lb
44,6-0,/players/j/jonesgo01.shtml,185lb
45,6-2,/players/k/kemmeru01.shtml,198lb
46,6-2,/players/k/kingch01.shtml,190lb
47,5-10,/players/k/koppejo01.shtml,165lb
48,5-11,/players/k/kravida01.shtml,195lb
49,6-2,/players/k/kuennha01.shtml,187lb
50,5-10,/players/l/landrho01.shtml,170lb
51,6-0,/players/l/larkeno01.shtml,185lb
52,5-11,/players/l/laryfr01.shtml,175lb
53,6-2,/players/l/lawve01.shtml,195lb
54,5-8,/players/l/leppedo01.shtml,175lb
55,5-11,/players/l/lillibo01.shtml,160lb
56,6-0,/players/l/luname01.shtml,168lb
57,6-0,/players/l/luttrly01.shtml,180lb
58,6-1,/players/l/lynchje01.shtml,185lb
59,5-10,/players/m/malzofr01.shtml,180lb
60,6-0,/players/m/margojo01.shtml,185lb
61,6-0,/players/m/martybo01.shtml,176lb
62,6-2,/players/m/mcmahdo02.shtml,215lb
63,6-0,/players/m/mejiaro01.shtml,175lb
64,6-0,/players/m/mickegl01.shtml,175lb
65,6-0,/players/m/minarru01.shtml,195lb
66,6-3,/players/m/mizelvi01.shtml,205lb
67,6-0,/players/m/moonwa01.shtml,169lb
68,6-1,/players/m/morejda01.shtml,175lb
69,5-10,/players/m/morgajo01.shtml,170lb
70,6-1,/players/m/morgato01.shtml,180lb
71,6-2,/players/m/mortogu02.shtml,200lb
72,5-11,/players/m/mroziro01.shtml,160lb
73,6-1,/players/m/muffebi01.shtml,198lb
74,5-6,/players/m/myersri01.shtml,150lb
75,6-1,/players/n/negraro01.shtml,185lb
76,5-7,/players/n/nichodo01.shtml,150lb
77,6-0,/players/n/nichodo02.shtml,195lb
78,5-9,/players/o/o'bried01.shtml,165lb
79,5-9,/players/o/o'brijo03.shtml,170lb
80,6-3,/players/o/olsonka01.shtml,205lb
81,6-2,/players/p/paineph01.shtml,180lb
82,6-2,/players/p/palysst01.shtml,190lb
83,6-1,/players/p/philled02.shtml,180lb
84,5-10,/players/p/pilaral01.shtml,180lb
85,5-10,/players/r/rainela01.shtml,165lb
86,6-1,/players/r/regalru01.shtml,185lb
87,6-2,/players/r/roarkmi01.shtml,195lb
88,5-10,/players/r/roberdo01.shtml,180lb
89,6-1,/players/r/robinhu01.shtml,155lb
90,6-2,/players/r/rodiner01.shtml,215lb
91,5-11,/players/s/samforo01.shtml,156lb
92,6-0,/players/s/sanchra01.shtml,150lb
93,5-11,/players/s/skowrbi01.shtml,195lb
94,6-1,/players/s/smithbo03.shtml,190lb
95,6-0,/players/s/smithha08.shtml,195lb
96,6-1,/players/s/solisma01.shtml,185lb
97,6-1,/players/s/speakbo01.shtml,178lb
98,6-4,/players/s/stonede01.shtml,205lb
99,6-0,/players/s/sturdto01.shtml,170lb
100,6-6,/players/s/sullifr01.shtml,215lb
101,6-4,/players/s/sulliha02.shtml,210lb
102,6-1,/players/s/suscege02.shtml,180lb
103,6-3,/players/t/triangu01.shtml,205lb
104,6-1,/players/t/trimbjo01.shtml,190lb
105,6-1,/players/t/trowbbo01.shtml,180lb
106,6-2,/players/t/turlebo01.shtml,215lb
107,6-4,/players/u/umbriji01.shtml,215lb
108,6-4,/players/v/vargaan01.shtml,187lb
109,5-10,/players/v/varnebu01.shtml,170lb
110,6-1,/players/w/westlji01.shtml,190lb
111,6-3,/players/w/wieslbo01.shtml,188lb
112,6-4,/players/a/aguirha01.shtml,205lb
113,6-1,/players/a/alliega01.shtml,190lb
114,6-3,/players/a/anderha02.shtml,205lb
115,5-10,/players/a/ariasru01.shtml,165lb
116,6-0,/players/a/asproke01.shtml,180lb
117,5-10,/players/a/averiea02.shtml,185lb
118,6-2,/players/b/baileed01.shtml,205lb
119,6-1,/players/b/bankser01.shtml,180lb
120,6-3,/players/b/barclcu01.shtml,210lb
121,6-2,/players/b/baumeji01.shtml,185lb
122,6-1,/players/b/baumgjo01.shtml,190lb
123,5-11,/players/b/becquju01.shtml,178lb
124,6-0,/players/b/bessedo01.shtml,175lb
125,6-0,/players/b/blaylga01.shtml,196lb
126,6-1,/players/b/bollifr01.shtml,175lb
127,6-1,/players/b/bowmabo02.shtml,195lb
128,6-1,/players/b/boyerke01.shtml,190lb
129,6-1,/players/b/breweto01.shtml,175lb
130,6-1,/players/b/bridgma01.shtml,165lb
131,6-3,/players/b/bunniji01.shtml,190lb
132,5-10,/players/c/caffijo01.shtml,180lb
133,6-1,/players/c/careyan01.shtml,190lb
134,6-0,/players/c/castlfo01.shtml,175lb
135,6-3,/players/c/chrisne01.shtml,187lb
136,6-5,/players/c/cohenhy01.shtml,220lb
137,6-2,/players/c/colemri01.shtml,185lb
138,5-9,/players/c/colesch01.shtml,180lb
139,6-2,/players/c/coxgl01.shtml,210lb
140,6-2,/players/c/cronera01.shtml,165lb
141,6-0,/players/c/cunnijo01.shtml,180lb
142,6-0,/players/d/dietzro01.shtml,190lb
143,6-0,/players/d/dottedu01.shtml,209lb
144,6-0,/players/d/dunnji01.shtml,185lb
145,6-1,/players/d/durhajo02.shtml,186lb
146,6-0,/players/e/erickdo01.shtml,175lb
147,5-9,/players/e/espossa01.shtml,165lb
148,5-11,/players/e/essegch01.shtml,200lb
149,6-5,/players/f/fishema01.shtml,210lb
150,6-0,/players/f/fodgege01.shtml,175lb
151,5-11,/players/g/graydi01.shtml,165lb
152,5-11,/players/g/grossdo01.shtml,186lb
153,6-0,/players/h/harriga01.shtml,195lb
154,6-3,/players/h/hernaru01.shtml,185lb
155,6-1,/players/h/hertwne01.shtml,175lb
156,5-11,/players/h/herzowh01.shtml,182lb
157,5-11,/players/i/izquiha01.shtml,175lb
158,6-1,/players/j/jacksla01.shtml,175lb
159,6-2,/players/j/johnsbe01.shtml,190lb
160,6-0,/players/k/kaskoed01.shtml,180lb
161,6-3,/players/k/keriagu01.shtml,187lb
162,6-4,/players/k/kippfr01.shtml,200lb
163,6-2,/players/k/kirrejo01.shtml,195lb
164,6-1,/players/k/krsnimi01.shtml,190lb
165,6-2,/players/l/leppedo02.shtml,220lb
166,5-9,/players/m/malkmbo01.shtml,175lb
167,5-11,/players/m/mantlmi01.shtml,195lb
168,6-1,/players/m/marshji01.shtml,190lb
169,6-0,/players/m/masonha01.shtml,185lb
170,6-1,/players/m/matheed01.shtml,190lb
171,6-2,/players/m/mayered02.shtml,185lb
172,5-10,/players/m/mayswi01.shtml,170lb
173,6-3,/players/m/minnido01.shtml,195lb
174,6-0,/players/m/monroza01.shtml,198lb
175,5-10,/players/m/mortobu01.shtml,175lb
176,5-11,/players/m/murphdi01.shtml,170lb
177,6-1,/players/n/natonpe01.shtml,200lb
178,5-10,/players/n/nealch01.shtml,165lb
179,6-1,/players/n/nichoch02.shtml,165lb
180,5-8,/players/o/oertech01.shtml,165lb
181,5-6,/players/p/pascuca01.shtml,165lb
182,6-1,/players/p/pawlost01.shtml,175lb
183,6-1,/players/p/pensopa01.shtml,185lb
184,5-11,/players/p/peppela01.shtml,190lb
185,6-2,/players/p/pettipa01.shtml,195lb
186,6-0,/players/p/philldi01.shtml,180lb
187,5-10,/players/p/pitulst01.shtml,170lb
188,6-0,/players/p/porteda01.shtml,164lb
189,6-3,/players/p/portoar01.shtml,196lb
190,5-11,/players/p/prescbo01.shtml,180lb
191,6-5,/players/p/pyechjo01.shtml,200lb
192,6-2,/players/r/randdi01.shtml,185lb
193,6-2,/players/r/roebued01.shtml,185lb
194,5-11,/players/r/roselbo01.shtml,185lb
195,5-11,/players/r/rudoldo01.shtml,195lb
196,5-11,/players/s/sadowed01.shtml,175lb
197,5-10,/players/s/schypje01.shtml,170lb
198,6-0,/players/s/segrika01.shtml,180lb
199,5-11,/players/s/semprra01.shtml,180lb
200,6-1,/players/s/senerso01.shtml,195lb
201,6-2,/players/s/shepaja01.shtml,195lb
202,5-11,/players/s/sherrno01.shtml,180lb
203,5-11,/players/s/shoopro01.shtml,180lb
204,6-4,/players/s/sisleda01.shtml,200lb
205,6-4,/players/s/skinnbo01.shtml,190lb
206,5-10,/players/s/smithha09.shtml,186lb
207,5-8,/players/s/smithpa03.shtml,165lb
208,5-11,/players/s/snydege02.shtml,175lb
209,6-0,/players/s/spoonka01.shtml,185lb
210,6-6,/players/s/stankjo01.shtml,201lb
211,6-0,/players/s/stewabu02.shtml,154lb
212,6-3,/players/t/tappete01.shtml,185lb
213,5-11,/players/t/thronfa01.shtml,185lb
214,6-1,/players/t/tomandi01.shtml,175lb
215,6-4,/players/t/torrefr01.shtml,200lb
216,6-2,/players/u/umphlto01.shtml,180lb
217,6-0,/players/v/virdobi01.shtml,175lb
218,5-10,/players/w/willbo01.shtml,175lb
219,6-0,/players/w/willeca01.shtml,175lb
220,6-2,/players/w/willido01.shtml,180lb
221,6-3,/players/w/wittge01.shtml,185lb
222,5-9,/players/z/zimmedo01.shtml,165lb
223,6-0,/players/a/altobjo01.shtml,185lb
224,6-3,/players/a/amorvi01.shtml,182lb
225,6-0,/players/a/archeji02.shtml,190lb
226,5-9,/players/b/barondi01.shtml,165lb
227,5-11,/players/b/barracu01.shtml,180lb
228,5-10,/players/b/bartito01.shtml,155lb
229,6-3,/players/b/blackbu01.shtml,197lb
230,5-10,/players/b/blasido01.shtml,160lb
231,6-2,/players/b/bolgeji01.shtml,180lb
232,6-1,/players/b/bressed01.shtml,175lb
233,6-1,/players/b/brododi01.shtml,182lb
234,6-2,/players/c/chitiha01.shtml,221lb
235,6-3,/players/c/clarkph01.shtml,210lb
236,6-1,/players/c/clevete01.shtml,180lb
237,6-4,/players/c/coateji01.shtml,192lb
238,6-1,/players/c/covinwe01.shtml,205lb
239,5-11,/players/c/craddwa01.shtml,176lb
240,6-1,/players/d/daleybu01.shtml,185lb
241,6-1,/players/d/daniebe02.shtml,193lb
242,6-0,/players/d/donneed02.shtml,175lb
243,6-1,/players/d/duserca01.shtml,175lb
244,6-0,/players/f/fernach01.shtml,165lb
245,5-11,/players/f/fornimi01.shtml,155lb
246,6-2,/players/g/gastato01.shtml,187lb
247,5-11,/players/g/gielpa01.shtml,185lb
248,6-0,/players/g/grobco01.shtml,180lb
249,5-10,/players/h/heldwo01.shtml,167lb
250,6-0,/players/h/hershea01.shtml,205lb
251,6-3,/players/h/hoeftbi01.shtml,180lb
252,5-11,/players/j/johnsfo01.shtml,175lb
253,6-0,/players/k/kingji01.shtml,185lb
254,6-3,/players/k/klinero01.shtml,205lb
255,6-1,/players/k/korchst01.shtml,205lb
256,6-4,/players/k/koskibi01.shtml,185lb
257,6-3,/players/k/kucksjo01.shtml,170lb
258,6-0,/players/k/kutynma01.shtml,190lb
259,5-11,/players/l/lockech01.shtml,185lb
260,6-0,/players/m/mackeer01.shtml,185lb
261,6-2,/players/m/marange01.shtml,195lb
262,6-6,/players/m/martipa02.shtml,235lb
263,6-0,/players/m/mccarro01.shtml,200lb
264,5-10,/players/m/mcdevda01.shtml,175lb
265,6-0,/players/m/mcmahja02.shtml,175lb
266,6-1,/players/m/meyerja01.shtml,175lb
267,6-5,/players/n/necciro01.shtml,185lb
268,6-3,/players/o/oldhajo01.shtml,198lb
269,5-4,/players/o/oraveer01.shtml,145lb
270,6-2,/players/p/piktuge01.shtml,200lb
271,5-11,/players/p/podrejo01.shtml,170lb
272,6-5,/players/p/pregejo01.shtml,220lb
273,6-0,/players/p/pyburji01.shtml,190lb
274,6-1,/players/r/rabech01.shtml,180lb
275,6-1,/players/r/raethha01.shtml,185lb
276,6-2,/players/s/schroal01.shtml,210lb
277,5-11,/players/s/skizalo01.shtml,175lb
278,6-1,/players/s/snydeji02.shtml,185lb
279,6-4,/players/s/stuardi01.shtml,212lb
280,6-0,/players/s/stumpji01.shtml,188lb
281,5-10,/players/t/tatele01.shtml,165lb
282,6-0,/players/t/taussdo01.shtml,180lb
283,6-3,/players/t/templch01.shtml,210lb
284,6-5,/players/t/thomaca01.shtml,245lb
285,5-11,/players/t/torrefe01.shtml,165lb
286,6-1,/players/v/vealco01.shtml,165lb
287,6-1,/players/v/virgioz01.shtml,174lb
288,6-3,/players/w/willibi02.shtml,195lb
289,5-11,/players/w/willsma01.shtml,170lb
290,6-0,/players/w/wiseca01.shtml,170lb
291,6-3,/players/w/woodeha01.shtml,200lb
292,5-11,/players/y/yewcito01.shtml,180lb
293,5-11,/players/z/zannido01.shtml,180lb
294,6-4,/players/a/abernte02.shtml,215lb
295,6-3,/players/a/albanjo01.shtml,215lb
296,6-4,/players/a/altmage01.shtml,200lb
297,5-10,/players/a/alvaros01.shtml,165lb
298,6-0,/players/b/baumafr01.shtml,205lb
299,6-3,/players/b/bellbi01.shtml,200lb
300,6-1,/players/b/blancjo01.shtml,193lb
301,6-3,/players/b/borlato01.shtml,172lb
302,6-0,/players/b/bouched01.shtml,200lb
303,6-3,/players/b/brucebo01.shtml,200lb
304,6-2,/players/c/casalje01.shtml,200lb
305,5-10,/players/c/charled01.shtml,170lb
306,6-1,/players/c/chittne01.shtml,180lb
307,6-3,/players/c/colavro01.shtml,190lb
308,6-1,/players/c/constji01.shtml,185lb
309,6-2,/players/d/daniech02.shtml,195lb
310,5-11,/players/d/davenji01.shtml,170lb
311,6-0,/players/d/davieje01.shtml,180lb
312,6-0,/players/d/davisbo01.shtml,170lb
313,5-10,/players/d/delgrbo01.shtml,185lb
314,5-8,/players/d/durnbbo01.shtml,170lb
315,6-1,/players/e/earlear01.shtml,195lb
316,6-2,/players/e/eastojo01.shtml,185lb
317,6-3,/players/f/fitzgjo04.shtml,190lb
318,5-11,/players/f/francti01.shtml,190lb
319,6-1,/players/g/giggibo01.shtml,200lb
320,5-10,/players/g/goryljo01.shtml,175lb
321,6-4,/players/g/greenfr01.shtml,190lb
322,6-2,/players/g/greenge01.shtml,200lb
323,5-11,/players/g/greenle01.shtml,170lb
324,6-0,/players/g/greenpu01.shtml,175lb
325,5-10,/players/h/halebo01.shtml,195lb
326,6-0,/players/h/hardyca01.shtml,185lb
327,6-4,/players/h/hemanru01.shtml,200lb
328,6-0,/players/h/hicksjo01.shtml,180lb
329,5-11,/players/h/hostge01.shtml,190lb
330,6-7,/players/j/jacksro01.shtml,225lb
331,5-10,/players/j/jamesjo01.shtml,160lb
332,6-4,/players/j/johnske02.shtml,210lb
333,6-2,/players/k/kernbi01.shtml,184lb
334,6-3,/players/l/lassedo01.shtml,200lb
335,6-0,/players/l/lauch01.shtml,190lb
336,6-0,/players/l/lopezra01.shtml,175lb
337,6-2,/players/l/lumpeje01.shtml,185lb
338,6-0,/players/m/mcclajo01.shtml,183lb
339,6-0,/players/m/mendomi01.shtml,180lb
340,6-0,/players/m/merrill02.shtml,189lb
341,6-0,/players/m/monzara01.shtml,160lb
342,5-11,/players/m/moranbi02.shtml,185lb
343,5-11,/players/o/o'delbi01.shtml,170lb
344,6-1,/players/o/osinsda01.shtml,190lb
345,6-3,/players/o/osterbi01.shtml,198lb
346,6-3,/players/p/palmqed01.shtml,195lb
347,5-11,/players/p/penaor01.shtml,154lb
348,5-11,/players/p/phillta01.shtml,185lb
349,6-2,/players/p/porteja01.shtml,180lb
350,6-1,/players/p/powelle01.shtml,190lb
351,6-4,/players/r/raydocu01.shtml,190lb
352,6-0,/players/r/reedja01.shtml,185lb
353,6-7,/players/r/rickedi01.shtml,215lb
354,6-3,/players/r/rippera01.shtml,200lb
355,6-1,/players/r/roachme01.shtml,190lb
356,6-0,/players/r/roberda03.shtml,172lb
357,6-1,/players/r/rojasmi01.shtml,170lb
358,5-11,/players/r/rosebjo01.shtml,190lb
359,6-2,/players/r/roweke01.shtml,185lb
360,6-2,/players/s/schmibo02.shtml,205lb
361,5-11,/players/s/schooje01.shtml,190lb
362,6-2,/players/s/scorehe01.shtml,185lb
363,6-2,/players/s/scottdi02.shtml,185lb
364,6-0,/players/s/shannwa02.shtml,178lb
365,6-2,/players/s/shawbo01.shtml,195lb
366,6-2,/players/s/siebeno01.shtml,200lb
367,6-0,/players/s/spangal01.shtml,175lb
368,6-1,/players/s/sprinja01.shtml,175lb
369,6-0,/players/s/stenhda01.shtml,195lb
370,6-3,/players/s/stephge01.shtml,175lb
371,6-2,/players/s/strikja01.shtml,200lb
372,5-11,/players/t/tasbywi01.shtml,170lb
373,6-2,/players/t/taylosa02.shtml,185lb
374,6-1,/players/t/thronma01.shtml,190lb
375,5-10,/players/v/valenbe01.shtml,175lb
376,6-3,/players/w/wallsle01.shtml,205lb
377,6-1,/players/w/walteke01.shtml,180lb
378,6-3,/players/w/waughji01.shtml,185lb
379,5-11,/players/w/whiteel02.shtml,165lb
380,6-2,/players/w/wieante01.shtml,195lb
381,6-1,/players/w/windhgo01.shtml,185lb
382,6-2,/players/w/wrighro01.shtml,170lb
383,6-0,/players/a/aaronha01.shtml,180lb
384,6-3,/players/a/allisbo01.shtml,205lb
385,5-11,/players/a/amalfjo01.shtml,175lb
386,5-9,/players/a/andersp01.shtml,170lb
387,5-9,/players/a/aparilu01.shtml,160lb
388,6-2,/players/b/baileji01.shtml,210lb
389,6-0,/players/b/bakerto02.shtml,195lb
390,5-11,/players/b/beamoch01.shtml,195lb
391,5-11,/players/b/bolesca01.shtml,185lb
392,5-9,/players/b/bradedo01.shtml,180lb
393,5-11,/players/b/brandja01.shtml,165lb
394,6-0,/players/b/breedma01.shtml,175lb
395,5-10,/players/b/briggjo01.shtml,175lb
396,5-11,/players/b/buddido01.shtml,178lb
397,5-11,/players/b/burkele02.shtml,185lb
398,6-0,/players/c/cashno01.shtml,185lb
399,5-11,/players/c/cheneto01.shtml,170lb
400,5-11,/players/c/clemero01.shtml,175lb
401,6-3,/players/c/colemgo01.shtml,215lb
402,5-8,/players/c/condera01.shtml,172lb
403,6-1,/players/c/conlebo01.shtml,188lb
404,5-11,/players/c/consobi01.shtml,180lb
405,6-1,/players/c/coughma01.shtml,170lb
406,5-11,/players/d/dagrean01.shtml,175lb
407,6-1,/players/d/daviara01.shtml,170lb
408,6-0,/players/d/dobbeda01.shtml,195lb
409,5-11,/players/d/drakesa01.shtml,175lb
410,5-11,/players/e/eaddydo01.shtml,165lb
411,6-4,/players/f/farretu01.shtml,215lb
412,6-3,/players/f/flanito01.shtml,175lb
413,5-11,/players/f/freesge02.shtml,175lb
414,6-3,/players/g/gentiji01.shtml,210lb
415,6-4,/players/g/gossho01.shtml,204lb
416,6-2,/players/g/grbael01.shtml,205lb
417,6-5,/players/g/greenda02.shtml,210lb
418,6-3,/players/h/hadleke01.shtml,190lb
419,6-6,/players/h/hamilst01.shtml,190lb
420,6-4,/players/h/harrimi02.shtml,205lb
421,6-0,/players/h/hartmj_01.shtml,175lb
422,6-3,/players/h/herrepa01.shtml,220lb
423,5-11,/players/h/hillech01.shtml,170lb
424,6-1,/players/h/hintoch01.shtml,180lb
425,6-0,/players/h/hobaued01.shtml,176lb
426,6-2,/players/h/hugheto05.shtml,180lb
427,6-1,/players/h/huntke01.shtml,205lb
428,6-2,/players/h/huntewi01.shtml,180lb
429,5-11,/players/j/johnslo01.shtml,170lb
430,5-10,/players/j/jonesde02.shtml,185lb
431,6-1,/players/k/kalinal01.shtml,175lb
432,6-1,/players/k/kanehro01.shtml,180lb
433,6-1,/players/k/kazante01.shtml,175lb
434,6-0,/players/k/keougma01.shtml,180lb
435,6-0,/players/k/kirkbi01.shtml,165lb
436,6-1,/players/k/kirklwi01.shtml,206lb
437,6-1,/players/l/landiji01.shtml,180lb
438,6-4,/players/l/leedo01.shtml,205lb
439,5-10,/players/l/lejohdo01.shtml,175lb
440,6-0,/players/l/lindbem01.shtml,185lb
441,5-11,/players/l/lockebo01.shtml,185lb
442,6-0,/players/m/mackeke01.shtml,185lb
443,6-0,/players/m/mahonji01.shtml,175lb
444,6-0,/players/m/mantife01.shtml,160lb
445,6-0,/players/m/marisro01.shtml,197lb
446,6-3,/players/m/maurira01.shtml,195lb
447,6-2,/players/m/mayele01.shtml,190lb
448,6-0,/players/m/morehse01.shtml,195lb
449,5-11,/players/n/naranch01.shtml,165lb
450,6-0,/players/n/navarju01.shtml,175lb
451,5-11,/players/o/owensji01.shtml,180lb
452,5-11,/players/p/pascuca02.shtml,170lb
453,5-5,/players/p/pearsal02.shtml,140lb
454,6-2,/players/p/perrybo02.shtml,180lb
455,6-0,/players/r/retzeke01.shtml,185lb
456,6-3,/players/r/rodgean01.shtml,200lb
457,5-11,/players/r/romanjo01.shtml,205lb
458,5-8,/players/s/schaijo01.shtml,175lb
459,6-0,/players/s/smithbi04.shtml,190lb
460,5-11,/players/s/smithbo04.shtml,180lb
461,6-1,/players/s/snyderu01.shtml,190lb
462,6-5,/players/s/stever_01.shtml,219lb
463,6-2,/players/s/stockwe01.shtml,188lb
464,6-3,/players/t/thackmo01.shtml,205lb
465,6-1,/players/u/ueckebo01.shtml,190lb
466,6-1,/players/v/valdijo01.shtml,175lb
467,6-1,/players/w/wagnele01.shtml,195lb
468,6-0,/players/w/whitebi03.shtml,185lb
469,6-2,/players/w/willste01.shtml,200lb
470,6-1,/players/w/wilsodu01.shtml,185lb
471,6-3,/players/w/wilsoea01.shtml,216lb
472,6-2,/players/z/zimmeje01.shtml,185lb
473,6-0,/players/a/aloufe01.shtml,195lb
474,6-3,/players/a/alusige01.shtml,175lb
475,6-4,/players/a/anderbo01.shtml,210lb
476,6-1,/players/b/batteea01.shtml,205lb
477,6-3,/players/b/bautaed01.shtml,200lb
478,6-1,/players/b/bedelho01.shtml,185lb
479,6-0,/players/b/bertedi01.shtml,200lb
480,5-11,/players/b/bertore01.shtml,185lb
481,6-0,/players/b/blackro01.shtml,160lb
482,6-1,/players/b/blaylbo01.shtml,185lb
483,6-0,/players/b/boakch01.shtml,180lb
484,5-11,/players/b/botzbo01.shtml,170lb
485,5-10,/players/b/bowmaer01.shtml,160lb
486,6-1,/players/b/bowsfte01.shtml,190lb
487,5-5,/players/b/brickfr02.shtml,157lb
488,6-2,/players/b/brogler01.shtml,200lb
489,6-2,/players/b/browndi01.shtml,176lb
490,6-1,/players/b/brunege01.shtml,195lb
491,6-4,/players/b/burkma01.shtml,180lb
492,6-4,/players/c/cardwdo01.shtml,210lb
493,5-10,/players/c/chrisjo01.shtml,175lb
494,6-4,/players/c/clenddo01.shtml,209lb
495,5-9,/players/c/colemch01.shtml,165lb
496,6-3,/players/d/dailebi01.shtml,185lb
497,6-1,/players/d/deesch01.shtml,173lb
498,6-4,/players/d/demetdo01.shtml,190lb
499,5-9,/players/d/demetst01.shtml,185lb
500,6-2,/players/d/douglwh01.shtml,185lb
501,6-3,/players/d/drabomo01.shtml,190lb
502,6-1,/players/d/duffaji01.shtml,175lb
503,5-10,/players/d/dulibbo01.shtml,180lb
504,6-0,/players/d/dustabo01.shtml,172lb
505,6-3,/players/e/edelmjo01.shtml,185lb
506,6-0,/players/f/foxte01.shtml,175lb
507,6-2,/players/f/francea01.shtml,210lb
508,6-0,/players/f/funkfr01.shtml,175lb
509,6-4,/players/g/gibbojo01.shtml,200lb
510,6-1,/players/g/gibsobo01.shtml,189lb
511,6-3,/players/g/gilbebu01.shtml,195lb
512,6-6,/players/g/giledo01.shtml,220lb
513,6-1,/players/g/grantmu01.shtml,186lb
514,5-11,/players/h/haased01.shtml,178lb
515,5-10,/players/h/hamlike01.shtml,170lb
516,5-7,/players/h/hankija01.shtml,170lb
517,6-2,/players/h/haydele01.shtml,175lb
518,5-11,/players/h/humphbo01.shtml,165lb
519,5-10,/players/j/jacksal01.shtml,169lb
520,5-10,/players/j/jackslo01.shtml,168lb
521,6-4,/players/j/jayjo01.shtml,228lb
522,6-4,/players/j/jonessh02.shtml,205lb
523,6-5,/players/k/kaisedo01.shtml,195lb
524,6-2,/players/k/kindaje01.shtml,175lb
525,6-0,/players/k/kobacni01.shtml,187lb
526,5-9,/players/k/kolstha01.shtml,190lb
527,6-2,/players/k/koufasa01.shtml,210lb
528,6-2,/players/k/kralija01.shtml,180lb
529,6-3,/players/k/kubekto01.shtml,190lb
530,6-4,/players/l/luebkdi01.shtml,200lb
531,5-10,/players/m/maesthe01.shtml,170lb
532,6-5,/players/m/malleje01.shtml,208lb
533,6-3,/players/m/massago01.shtml,210lb
534,6-1,/players/m/mcbrike01.shtml,190lb
535,6-3,/players/m/mcdanli01.shtml,195lb
536,6-1,/players/m/millebo03.shtml,185lb
537,5-11,/players/m/montema01.shtml,150lb
538,6-1,/players/n/nixonru01.shtml,195lb
539,6-0,/players/n/nunnho01.shtml,173lb
540,6-2,/players/o/olivege01.shtml,225lb
541,6-1,/players/o/osborbo02.shtml,205lb
542,5-9,/players/p/paganjo01.shtml,160lb
543,5-9,/players/p/pattoto01.shtml,185lb
544,6-4,/players/p/perryji01.shtml,190lb
545,5-11,/players/p/pichero01.shtml,165lb
546,6-0,/players/p/proctji01.shtml,165lb
547,6-0,/players/q/qualtto01.shtml,190lb
548,5-11,/players/r/rakowed01.shtml,178lb
549,6-0,/players/r/ramospe01.shtml,175lb
550,5-9,/players/r/richabo01.shtml,170lb
551,6-0,/players/r/rickeda01.shtml,190lb
552,6-1,/players/r/robinfr02.shtml,183lb
553,5-9,/players/s/schofdi01.shtml,163lb
554,6-2,/players/s/sherrla01.shtml,180lb
555,5-10,/players/s/shiffga01.shtml,165lb
556,6-4,/players/s/shipljo01.shtml,210lb
557,6-0,/players/s/silveal01.shtml,180lb
558,6-0,/players/s/smithja04.shtml,185lb
559,5-11,/players/s/smithna01.shtml,170lb
560,6-2,/players/s/streuwa01.shtml,195lb
561,6-0,/players/t/tayloha05.shtml,185lb
562,5-9,/players/t/tayloto02.shtml,170lb
563,6-1,/players/t/thorpbo02.shtml,170lb
564,6-1,/players/t/tothpa01.shtml,175lb
565,5-11,/players/t/tracedi01.shtml,160lb
566,6-1,/players/v/valenfr01.shtml,190lb
567,6-6,/players/v/vealebo01.shtml,212lb
568,6-3,/players/w/wickeda01.shtml,188lb
569,6-5,/players/w/willido02.shtml,218lb
570,6-1,/players/w/wilsone01.shtml,175lb
571,5-11,/players/w/wyattjo02.shtml,200lb
572,6-0,/players/a/adairje01.shtml,175lb
573,5-11,/players/a/amaroru01.shtml,170lb
574,6-1,/players/b/baldsja01.shtml,175lb
575,6-0,/players/b/barkera01.shtml,192lb
576,6-2,/players/b/belinbo01.shtml,191lb
577,6-1,/players/b/bellga01.shtml,196lb
578,5-11,/players/b/bloombu01.shtml,175lb
579,6-0,/players/b/borosst01.shtml,185lb
580,6-2,/players/b/bradyji01.shtml,185lb
581,6-3,/players/b/bronsji01.shtml,196lb
582,6-1,/players/b/burdefr01.shtml,170lb
583,5-11,/players/b/burtoel01.shtml,160lb
584,6-2,/players/b/buzhajo01.shtml,195lb
585,5-11,/players/c/camildo02.shtml,195lb
586,6-3,/players/c/carroto01.shtml,186lb
587,5-10,/players/c/causewa01.shtml,175lb
588,5-9,/players/c/chacoel01.shtml,160lb
589,6-0,/players/c/ciscoga01.shtml,200lb
590,5-11,/players/c/cokerji01.shtml,195lb
591,6-0,/players/c/cookcl01.shtml,185lb
592,5-10,/players/c/cottich01.shtml,175lb
593,6-0,/players/d/dalrycl01.shtml,195lb
594,5-7,/players/d/davalvi01.shtml,150lb
595,5-11,/players/d/davisja01.shtml,160lb
596,6-1,/players/d/demerjo01.shtml,195lb
597,6-0,/players/d/drottdi01.shtml,185lb
598,6-5,/players/d/drysddo01.shtml,190lb
599,6-2,/players/e/edwardo01.shtml,215lb
600,5-11,/players/e/eilerda01.shtml,188lb
601,5-10,/players/f/felleja01.shtml,185lb
602,6-2,/players/f/fisheed02.shtml,200lb
603,6-2,/players/f/fossla01.shtml,187lb
604,6-1,/players/g/gainejo01.shtml,190lb
605,6-2,/players/g/gerarda01.shtml,205lb
606,6-1,/players/g/gladdfr01.shtml,220lb
607,6-0,/players/g/goldeji01.shtml,175lb
608,5-10,/players/g/gondeje01.shtml,180lb
609,5-9,/players/g/gonzato01.shtml,170lb
610,6-0,/players/g/grahawa01.shtml,200lb
611,6-2,/players/h/handrve01.shtml,185lb
612,6-3,/players/h/hawkiwy01.shtml,195lb
613,6-1,/players/h/henryro01.shtml,180lb
614,6-2,/players/h/herrsri01.shtml,187lb
615,6-2,/players/h/hobbigl01.shtml,195lb
616,6-1,/players/h/hoernjo01.shtml,200lb
617,6-2,/players/h/hookja01.shtml,182lb
618,6-7,/players/h/howarfr01.shtml,255lb
619,5-8,/players/h/howsedi01.shtml,155lb
620,6-1,/players/j/javieju01.shtml,175lb
621,5-10,/players/j/johnsbo02.shtml,175lb
622,6-2,/players/j/jonesha01.shtml,194lb
623,6-0,/players/k/killeha01.shtml,195lb
624,6-0,/players/k/killeev01.shtml,190lb
625,5-11,/players/k/kubisja01.shtml,170lb
626,6-1,/players/k/kunkebi01.shtml,187lb
627,6-1,/players/l/lamabja01.shtml,198lb
628,6-0,/players/l/landrdo01.shtml,180lb
629,6-3,/players/l/latmaba01.shtml,210lb
630,6-0,/players/l/leekge01.shtml,185lb
631,6-4,/players/l/lejafr01.shtml,205lb
632,5-11,/players/l/lindsch02.shtml,175lb
633,6-2,/players/l/lockdo01.shtml,195lb
634,6-3,/players/l/lumenra01.shtml,185lb
635,6-2,/players/m/martij.01.shtml,188lb
636,5-11,/players/m/mathica01.shtml,195lb
637,5-11,/players/m/mazerbi01.shtml,183lb
638,5-10,/players/m/mcanaji01.shtml,196lb
639,6-3,/players/m/mcavoto01.shtml,200lb
640,6-1,/players/m/mckniji01.shtml,185lb
641,6-4,/players/m/mcmanji01.shtml,215lb
642,6-0,/players/m/mcnerje01.shtml,180lb
643,6-1,/players/m/milesdo01.shtml,210lb
644,5-11,/players/m/monbobi01.shtml,190lb
645,6-0,/players/n/nelsome01.shtml,185lb
646,6-3,/players/n/nelsote01.shtml,205lb
647,6-1,/players/n/nottedo01.shtml,190lb
648,6-0,/players/p/perraro01.shtml,180lb
649,6-0,/players/p/pfistda01.shtml,187lb
650,5-11,/players/p/posadle01.shtml,175lb
651,6-1,/players/p/pritcbu01.shtml,195lb
652,6-1,/players/r/reedho01.shtml,195lb
653,6-0,/players/r/renfrma01.shtml,180lb
654,6-3,/players/r/richadu01.shtml,200lb
655,6-4,/players/r/ritchja01.shtml,175lb
656,6-0,/players/r/roberda02.shtml,184lb
657,6-1,/players/r/robinea01.shtml,190lb
658,5-9,/players/r/robinfl01.shtml,175lb
659,6-0,/players/r/rowedo01.shtml,180lb
660,6-1,/players/s/sadowte01.shtml,190lb
661,5-9,/players/s/schafji01.shtml,170lb
662,6-6,/players/s/schwado01.shtml,200lb
663,6-4,/players/s/sheldro01.shtml,185lb
664,5-10,/players/s/stangle01.shtml,170lb
665,6-0,/players/s/starrhe01.shtml,175lb
666,6-3,/players/s/stigmdi01.shtml,200lb
667,6-1,/players/s/swansre01.shtml,175lb
668,6-3,/players/t/terryra01.shtml,195lb
669,6-2,/players/t/thomale03.shtml,195lb
670,6-3,/players/t/troskha02.shtml,205lb
671,6-0,/players/t/tsitojo01.shtml,175lb
672,6-5,/players/w/willist02.shtml,230lb
673,6-1,/players/a/acklefr01.shtml,202lb
674,6-2,/players/a/allenbo04.shtml,175lb
675,6-2,/players/b/balsato01.shtml,185lb
676,5-11,/players/b/blemkra01.shtml,190lb
677,6-7,/players/b/bondwa01.shtml,228lb
678,6-0,/players/b/boyercl02.shtml,165lb
679,6-1,/players/b/breweji01.shtml,186lb
680,6-5,/players/b/briceal01.shtml,215lb
681,5-7,/players/b/bufordo01.shtml,160lb
682,5-11,/players/b/burrila01.shtml,170lb
683,6-4,/players/b/butlece01.shtml,195lb
684,6-0,/players/c/campbji01.shtml,190lb
685,6-3,/players/c/carmedu01.shtml,202lb
686,6-1,/players/c/carreca01.shtml,190lb
687,6-2,/players/c/cepedor01.shtml,210lb
688,6-1,/players/c/clintlo01.shtml,185lb
689,6-0,/players/c/cuellmi01.shtml,165lb
690,6-4,/players/c/cuetobe01.shtml,170lb
691,5-11,/players/c/curryto01.shtml,185lb
692,5-10,/players/c/curtija01.shtml,175lb
693,5-11,/players/d/damasja01.shtml,168lb
694,6-1,/players/d/dillado01.shtml,200lb
695,6-4,/players/d/donohji01.shtml,190lb
696,6-4,/players/e/egandi02.shtml,193lb
697,5-11,/players/e/eliale01.shtml,175lb
698,6-2,/players/e/emeryca01.shtml,205lb
699,6-2,/players/f/farlebo01.shtml,200lb
700,6-0,/players/f/fostela01.shtml,185lb
701,6-0,/players/g/geigega01.shtml,168lb
702,6-0,/players/g/giallbo01.shtml,175lb
703,6-0,/players/g/goetzjo01.shtml,185lb
704,6-5,/players/g/goldypu01.shtml,200lb
705,6-0,/players/g/gonzape01.shtml,176lb
706,6-3,/players/g/grahabi02.shtml,217lb
707,6-2,/players/g/grzenjo01.shtml,180lb
708,6-4,/players/h/halleto01.shtml,195lb
709,6-2,/players/h/harknti01.shtml,182lb
710,5-11,/players/h/hartmbo01.shtml,185lb
711,6-3,/players/h/haywobi01.shtml,205lb
712,6-3,/players/h/hickmji02.shtml,192lb
713,6-2,/players/h/hillda01.shtml,170lb
714,6-0,/players/h/horlejo01.shtml,170lb
715,6-0,/players/j/jacobja01.shtml,175lb
716,6-1,/players/j/jamesch01.shtml,195lb
717,5-10,/players/j/johnsst01.shtml,180lb
718,6-1,/players/j/johnsre01.shtml,202lb
719,6-0,/players/k/kendeal01.shtml,185lb
720,5-10,/players/k/klausbo01.shtml,170lb
721,6-2,/players/k/kostrfr01.shtml,190lb
722,5-10,/players/k/kuhnke01.shtml,175lb
723,6-3,/players/l/leebo01.shtml,225lb
724,6-0,/players/l/lehewji01.shtml,185lb
725,5-11,/players/l/lookde01.shtml,185lb
726,5-9,/players/l/lopezar01.shtml,170lb
727,5-11,/players/m/mackego01.shtml,175lb
728,6-0,/players/m/maricju01.shtml,185lb
729,6-0,/players/m/marquro01.shtml,190lb
730,6-0,/players/m/millela01.shtml,195lb
731,6-1,/players/m/morhamo01.shtml,185lb
732,6-1,/players/m/mudroph01.shtml,190lb
733,6-3,/players/n/nischro01.shtml,205lb
734,6-2,/players/o/o'rouch01.shtml,195lb
735,6-0,/players/o/o'tooji01.shtml,190lb
736,6-4,/players/p/pagliji01.shtml,210lb
737,5-8,/players/p/penaro01.shtml,170lb
738,6-2,/players/p/perezge01.shtml,200lb
739,6-2,/players/p/peterga01.shtml,200lb
740,5-11,/players/p/pizarju01.shtml,170lb
741,5-10,/players/p/pleisbi01.shtml,170lb
742,6-6,/players/r/radatdi01.shtml,230lb
743,5-10,/players/r/raymocl01.shtml,175lb
744,6-3,/players/r/reganph01.shtml,200lb
745,6-1,/players/r/robinbr01.shtml,180lb
746,6-0,/players/s/sadowbo01.shtml,175lb
747,6-1,/players/s/savagte01.shtml,185lb
748,6-4,/players/s/schafjo01.shtml,195lb
749,5-10,/players/s/schilch01.shtml,160lb
750,6-4,/players/s/schurwa01.shtml,185lb
751,6-0,/players/s/seguidi01.shtml,190lb
752,6-0,/players/s/seyfrgo01.shtml,185lb
753,5-9,/players/s/shortbi01.shtml,170lb
754,6-4,/players/s/shortch02.shtml,205lb
755,6-3,/players/s/siebeso01.shtml,190lb
756,6-2,/players/s/siebldw01.shtml,184lb
757,6-1,/players/s/smallji01.shtml,180lb
758,6-1,/players/s/smithch04.shtml,170lb
759,5-10,/players/s/smithge04.shtml,170lb
760,5-11,/players/s/sprigge01.shtml,175lb
761,6-5,/players/s/stalltr01.shtml,204lb
762,6-0,/players/s/stoweha01.shtml,170lb
763,6-4,/players/s/sundigo01.shtml,215lb
764,6-1,/players/t/tayloro01.shtml,195lb
765,6-4,/players/t/thiesda01.shtml,205lb
766,6-3,/players/t/thomage01.shtml,190lb
767,6-1,/players/t/tiefeve01.shtml,190lb
768,6-4,/players/t/tillmbo01.shtml,205lb
769,6-0,/players/t/tyrivda01.shtml,175lb
770,6-3,/players/v/vandufr01.shtml,180lb
771,6-1,/players/v/velazfr01.shtml,185lb
772,6-1,/players/w/wardpe01.shtml,185lb
773,5-10,/players/w/warwica01.shtml,170lb
774,6-0,/players/w/webstra01.shtml,175lb
775,6-0,/players/w/weekljo01.shtml,200lb
776,6-3,/players/w/withrco01.shtml,197lb
777,6-1,/players/w/woodja01.shtml,163lb
778,5-9,/players/a/alouma01.shtml,160lb
779,5-11,/players/a/alvarro01.shtml,183lb
780,5-11,/players/a/alvisma01.shtml,185lb
781,6-2,/players/a/andercr01.shtml,205lb
782,6-2,/players/a/asprobo01.shtml,170lb
783,6-2,/players/b/baldwda01.shtml,200lb
784,5-11,/players/b/banksge01.shtml,185lb
785,6-0,/players/b/barbest01.shtml,195lb
786,6-3,/players/b/boozejo01.shtml,205lb
787,6-1,/players/b/bowensa01.shtml,188lb
788,5-11,/players/b/brownca01.shtml,190lb
789,6-1,/players/b/bruckfr01.shtml,185lb
790,5-10,/players/b/brumlmi01.shtml,195lb
791,6-4,/players/b/bryanbi01.shtml,200lb
792,5-11,/players/b/burdabo01.shtml,174lb
793,6-2,/players/b/butteto01.shtml,195lb
794,6-0,/players/c/cannich01.shtml,190lb
795,5-11,/players/c/cardele01.shtml,160lb
796,5-10,/players/c/carpifr01.shtml,172lb
797,6-0,/players/c/choatdo01.shtml,185lb
798,6-0,/players/c/cowanbi01.shtml,170lb
799,5-11,/players/d/dela_mi01.shtml,175lb
800,6-1,/players/d/dicksji01.shtml,185lb
801,6-4,/players/e/edwarjo01.shtml,220lb
802,6-2,/players/e/elliola01.shtml,200lb
803,6-1,/players/e/estrach01.shtml,185lb
804,5-10,/players/f/fairlro01.shtml,175lb
805,5-9,/players/f/floodcu01.shtml,165lb
806,6-1,/players/g/gatewau01.shtml,170lb
807,5-11,/players/g/georgal01.shtml,170lb
808,6-0,/players/g/gibbsja01.shtml,180lb
809,6-0,/players/g/gigonno01.shtml,195lb
810,6-1,/players/g/gregole01.shtml,180lb
811,6-0,/players/h/hallji02.shtml,175lb
812,6-0,/players/h/hamilja01.shtml,200lb
813,6-3,/players/h/hansero02.shtml,190lb
814,6-4,/players/h/heffnbo01.shtml,200lb
815,6-1,/players/h/henribo01.shtml,185lb
816,6-1,/players/h/herbero01.shtml,195lb
817,6-3,/players/h/herrnjo01.shtml,215lb
818,6-3,/players/h/hughedi01.shtml,195lb
819,6-4,/players/h/huntke02.shtml,200lb
820,6-1,/players/j/jimenma01.shtml,185lb
821,6-2,/players/j/johnsde01.shtml,200lb
822,6-1,/players/j/jonesma01.shtml,180lb
823,6-4,/players/k/kaatji01.shtml,205lb
824,6-1,/players/k/knoopbo01.shtml,170lb
825,6-4,/players/k/kochal01.shtml,195lb
826,5-10,/players/k/kopliho01.shtml,190lb
827,6-3,/players/l/lemaydi01.shtml,190lb
828,6-1,/players/l/linesdi01.shtml,175lb
829,6-1,/players/l/lipskbo01.shtml,180lb
830,6-3,/players/l/lockebo02.shtml,200lb
831,6-1,/players/m/mahafar01.shtml,185lb
832,5-11,/players/m/mcbeaal01.shtml,165lb
833,6-0,/players/m/mccabjo01.shtml,190lb
834,6-2,/players/m/mccormi03.shtml,195lb
835,6-4,/players/m/mccovwi01.shtml,198lb
836,6-0,/players/m/mcfaror01.shtml,180lb
837,6-2,/players/m/michage01.shtml,183lb
838,6-3,/players/m/minchdo01.shtml,205lb
839,6-0,/players/m/moellro01.shtml,180lb
840,6-1,/players/m/moorhbo01.shtml,208lb
841,6-1,/players/m/moranal01.shtml,190lb
842,5-10,/players/m/motama01.shtml,160lb
843,6-1,/players/n/nippeme01.shtml,175lb
844,6-1,/players/o/olivato01.shtml,175lb
845,5-11,/players/o/olivaed01.shtml,180lb
846,6-3,/players/o/orsinjo01.shtml,215lb
847,5-11,/players/o/oylerra01.shtml,165lb
848,5-11,/players/p/pavledo01.shtml,190lb
849,6-4,/players/p/perryga01.shtml,205lb
850,5-11,/players/p/pinsova01.shtml,170lb
851,5-10,/players/p/plaskel01.shtml,195lb
852,6-4,/players/p/princdo01.shtml,200lb
853,5-11,/players/q/quirkar01.shtml,170lb
854,5-11,/players/r/ranewme01.shtml,170lb
855,6-0,/players/r/renifha01.shtml,215lb
856,6-0,/players/r/richago01.shtml,185lb
857,6-2,/players/r/rodgebu01.shtml,190lb
858,5-10,/players/r/rolliri01.shtml,185lb
859,6-4,/players/r/romanbi01.shtml,190lb
860,6-0,/players/r/roznovi01.shtml,170lb
861,6-0,/players/r/ruizch01.shtml,169lb
862,6-2,/players/s/sadowbo02.shtml,195lb
863,6-1,/players/s/samueam01.shtml,170lb
864,5-11,/players/s/schrete01.shtml,175lb
865,5-10,/players/s/sealejo01.shtml,155lb
866,6-2,/players/s/shetrba01.shtml,190lb
867,6-3,/players/s/spansbi01.shtml,195lb
868,6-1,/players/s/staffbi01.shtml,188lb
869,6-3,/players/s/stubimo01.shtml,220lb
870,5-11,/players/t/tartajo01.shtml,165lb
871,6-1,/players/t/treshto01.shtml,180lb
872,6-1,/players/w/wardja01.shtml,185lb
873,6-1,/players/w/washbra01.shtml,205lb
874,6-0,/players/w/weisal01.shtml,160lb
875,6-2,/players/w/werhajo01.shtml,200lb
876,6-2,/players/w/werlege01.shtml,196lb
877,5-10,/players/w/wertdo01.shtml,162lb
878,5-8,/players/w/whitemi02.shtml,160lb
879,6-1,/players/w/whitffr01.shtml,190lb
880,6-1,/players/w/willibi01.shtml,175lb
881,5-11,/players/w/willida04.shtml,165lb
882,6-1,/players/w/winebo01.shtml,187lb
883,6-3,/players/z/zipfebu01.shtml,200lb
884,6-3,/players/a/aaronto01.shtml,190lb
885,6-0,/players/a/allenbe01.shtml,175lb
886,6-0,/players/a/azcuejo01.shtml,190lb
887,6-3,/players/b/bassno01.shtml,205lb
888,6-2,/players/b/beaucji01.shtml,190lb
889,6-3,/players/b/bennede01.shtml,192lb
890,6-4,/players/b/bolinbo01.shtml,185lb
891,6-2,/players/b/bouldca01.shtml,180lb
892,6-0,/players/b/boutoji01.shtml,170lb
893,6-0,/players/b/brancha01.shtml,175lb
894,6-5,/players/b/braunjo01.shtml,218lb
895,5-11,/players/b/brocklo01.shtml,170lb
896,5-11,/players/b/brownga01.shtml,220lb
897,5-10,/players/c/callijo01.shtml,175lb
898,6-3,/players/c/cartyri01.shtml,200lb
899,6-0,/players/c/clemedo01.shtml,180lb
900,6-0,/players/c/clinety01.shtml,170lb
901,6-1,/players/c/connoed02.shtml,190lb
902,5-11,/players/c/culleja01.shtml,170lb
903,6-0,/players/d/davidte01.shtml,192lb
904,6-2,/players/d/davisto02.shtml,195lb
905,6-3,/players/d/derriji01.shtml,190lb
906,5-11,/players/d/doylepa01.shtml,172lb
907,6-4,/players/d/duckwji01.shtml,194lb
908,5-10,/players/f/fernach02.shtml,160lb
909,6-1,/players/f/ferraal01.shtml,200lb
910,6-2,/players/f/fisheja01.shtml,215lb
911,6-1,/players/g/gibsoru01.shtml,195lb
912,5-10,/players/g/gilgu01.shtml,180lb
913,5-11,/players/g/giustda01.shtml,190lb
914,6-0,/players/g/gotayju01.shtml,180lb
915,6-0,/players/g/grillgu01.shtml,188lb
916,5-8,/players/h/heathbi01.shtml,175lb
917,6-2,/players/h/hendlbo01.shtml,190lb
918,5-10,/players/h/hershmi01.shtml,175lb
919,6-2,/players/h/hickmje01.shtml,186lb
920,6-3,/players/h/higgide01.shtml,180lb
921,6-0,/players/h/hippahe01.shtml,180lb
922,6-1,/players/j/josepri01.shtml,192lb
923,6-3,/players/k/keegaed01.shtml,165lb
924,5-11,/players/k/klimclo01.shtml,180lb
925,6-1,/players/k/kreutfr01.shtml,175lb
926,6-4,/players/k/krugch01.shtml,200lb
927,6-1,/players/l/lawreji01.shtml,185lb
928,6-1,/players/l/lemasde01.shtml,182lb
929,6-1,/players/l/lewisjo01.shtml,189lb
930,6-1,/players/l/linzph01.shtml,180lb
931,5-10,/players/l/luploal01.shtml,175lb
932,5-10,/players/m/martihe02.shtml,160lb
933,5-11,/players/m/maxvida01.shtml,157lb
934,5-11,/players/m/mcauldi01.shtml,176lb
935,6-2,/players/m/mcdanvo01.shtml,180lb
936,6-4,/players/m/mcilwst01.shtml,195lb
937,6-2,/players/m/meyerbo01.shtml,185lb
938,6-2,/players/m/mikkepe01.shtml,210lb
939,6-1,/players/m/millebo04.shtml,180lb
940,6-0,/players/m/mooreja01.shtml,180lb
941,6-0,/players/n/neigeal01.shtml,195lb
942,6-2,/players/n/nendi01.shtml,200lb
943,6-2,/players/n/nichoda01.shtml,215lb
944,6-1,/players/n/niekrph01.shtml,180lb
945,6-3,/players/n/northji01.shtml,190lb
946,6-4,/players/o/o'donjo02.shtml,203lb
947,6-2,/players/o/ortegph01.shtml,170lb
948,5-11,/players/o/osteecl01.shtml,160lb
949,6-3,/players/p/pappami01.shtml,190lb
950,6-1,/players/p/parkewe01.shtml,180lb
951,6-7,/players/p/parsoto01.shtml,210lb
952,6-1,/players/p/priddbo01.shtml,200lb
953,6-1,/players/q/quilifr01.shtml,170lb
954,5-11,/players/r/richepe01.shtml,165lb
955,5-10,/players/r/rojasco01.shtml,160lb
956,5-11,/players/r/rosarsa01.shtml,165lb
957,6-3,/players/s/shannmi01.shtml,195lb
958,5-10,/players/s/shoemch01.shtml,155lb
959,6-2,/players/s/smithdi02.shtml,205lb
960,6-0,/players/s/smithwi02.shtml,182lb
961,6-0,/players/s/stewaji01.shtml,165lb
962,5-11,/players/s/stillro01.shtml,165lb
963,5-11,/players/s/stroued01.shtml,180lb
964,6-3,/players/t/taltoti01.shtml,200lb
965,6-1,/players/t/tayloha04.shtml,187lb
966,6-2,/players/u/uhlaete01.shtml,190lb
967,5-8,/players/v/valdesa01.shtml,170lb
968,5-10,/players/v/versazo01.shtml,146lb
969,6-1,/players/w/walkeje01.shtml,195lb
970,6-0,/players/w/weaveji02.shtml,178lb
971,5-11,/players/w/willige01.shtml,165lb
972,6-0,/players/w/womacdo01.shtml,170lb
973,6-0,/players/w/woodsji01.shtml,175lb
974,5-11,/players/y/yastrca01.shtml,175lb
975,5-11,/players/z/zupofr01.shtml,182lb
976,6-2,/players/a/akerja01.shtml,190lb
977,6-0,/players/a/allenha02.shtml,190lb
978,5-10,/players/a/alleyge01.shtml,160lb
979,6-3,/players/a/alyeabr01.shtml,215lb
980,5-11,/players/a/austde01.shtml,180lb
981,6-4,/players/b/bairdbo01.shtml,195lb
982,6-4,/players/b/barryri01.shtml,205lb
983,6-3,/players/b/batemjo01.shtml,210lb
984,6-2,/players/b/batesde01.shtml,195lb
985,6-3,/players/b/beckri01.shtml,190lb
986,6-1,/players/b/beckegl01.shtml,190lb
987,5-11,/players/b/blacket01.shtml,190lb
988,6-2,/players/b/borkfr01.shtml,175lb
989,5-9,/players/b/bowliwe01.shtml,155lb
990,5-7,/players/b/brandro01.shtml,167lb
991,6-2,/players/b/brandbu01.shtml,200lb
992,5-10,/players/b/brownla01.shtml,160lb
993,6-1,/players/b/brownto03.shtml,190lb
994,6-0,/players/b/brunsar01.shtml,195lb
995,6-1,/players/b/burwedi01.shtml,190lb
996,6-1,/players/c/campbro01.shtml,180lb
997,6-3,/players/c/carloci01.shtml,205lb
998,6-0,/players/c/caterda01.shtml,170lb
999,6-2,/players/c/chancbo01.shtml,215lb
1000,5-11,/players/c/chavaos01.shtml,155lb
1001,5-9,/players/c/clarkho01.shtml,175lb
1002,6-0,/players/c/clonito01.shtml,210lb
1003,6-5,/players/c/craigpe01.shtml,220lb
1004,6-2,/players/d/daviswi02.shtml,180lb
1005,6-6,/players/d/debusda01.shtml,225lb
1006,6-3,/players/e/ellswdi01.shtml,180lb
1007,6-0,/players/f/fanokha01.shtml,180lb
1008,5-10,/players/f/faulbi01.shtml,184lb
1009,6-0,/players/f/fischha01.shtml,190lb
1010,6-4,/players/f/fosnoje01.shtml,195lb
1011,6-3,/players/f/frymawo01.shtml,197lb
1012,6-4,/players/g/gabrile02.shtml,210lb
1013,6-3,/players/g/gallado01.shtml,195lb
1014,6-2,/players/h/handsbi01.shtml,185lb
1015,6-3,/players/h/hannaji01.shtml,205lb
1016,5-9,/players/h/harpeto01.shtml,165lb
1017,6-1,/players/h/hendrel01.shtml,175lb
1018,5-11,/players/h/hernaja01.shtml,165lb
1019,5-11,/players/h/hernara01.shtml,165lb
1020,6-3,/players/h/hicksji01.shtml,205lb
1021,6-3,/players/h/housepa01.shtml,185lb
1022,5-10,/players/j/jamescl01.shtml,176lb
1023,5-9,/players/j/jimenel01.shtml,170lb
1024,5-11,/players/k/kelledi01.shtml,174lb
1025,6-4,/players/k/kelsobi01.shtml,215lb
1026,6-3,/players/k/kernege01.shtml,170lb
1027,6-0,/players/k/kolbga01.shtml,194lb
1028,6-1,/players/k/kooncca01.shtml,185lb
1029,5-10,/players/l/laboyco01.shtml,165lb
1030,6-1,/players/l/linzyfr01.shtml,190lb
1031,6-1,/players/l/lolicmi01.shtml,170lb
1032,6-2,/players/l/loundo01.shtml,185lb
1033,6-2,/players/m/malonji01.shtml,190lb
1034,5-11,/players/m/marqugo01.shtml,180lb
1035,5-10,/players/m/martito01.shtml,165lb
1036,6-4,/players/m/maxiela01.shtml,220lb
1037,6-0,/players/m/mccrato01.shtml,183lb
1038,6-0,/players/m/menkede01.shtml,185lb
1039,6-2,/players/m/metcato01.shtml,174lb
1040,5-10,/players/m/millero03.shtml,160lb
1041,5-8,/players/m/mottocu01.shtml,164lb
1042,6-1,/players/n/narumbu01.shtml,194lb
1043,6-0,/players/n/nossejo01.shtml,178lb
1044,5-10,/players/o/olivena01.shtml,160lb
1045,6-1,/players/o/ottbi01.shtml,180lb
1046,6-2,/players/p/pagemi01.shtml,210lb
1047,5-11,/players/p/papajo01.shtml,190lb
1048,6-2,/players/p/pepitjo01.shtml,185lb
1049,6-0,/players/p/perkice01.shtml,175lb
1050,6-0,/players/p/popovpa01.shtml,175lb
1051,5-10,/players/p/powelgr01.shtml,175lb
1052,6-3,/players/r/repozro01.shtml,190lb
1053,6-6,/players/r/roggega01.shtml,195lb
1054,5-11,/players/s/sadecra01.shtml,180lb
1055,5-10,/players/s/salmoch01.shtml,160lb
1056,6-2,/players/s/santijo02.shtml,185lb
1057,6-0,/players/s/santoro01.shtml,190lb
1058,6-1,/players/s/satrito01.shtml,185lb
1059,5-10,/players/s/shirlba01.shtml,183lb
1060,6-1,/players/s/skaugda01.shtml,179lb
1061,6-2,/players/s/smithpe01.shtml,190lb
1062,6-0,/players/s/sorrebi01.shtml,190lb
1063,6-2,/players/s/stargwi01.shtml,188lb
1064,6-2,/players/s/steevmo01.shtml,175lb
1065,6-0,/players/t/tiantlu01.shtml,180lb
1066,6-2,/players/t/tilloth01.shtml,195lb
1067,6-4,/players/t/timmeto01.shtml,215lb
1068,6-2,/players/t/torrejo01.shtml,212lb
1069,5-9,/players/t/tovarce01.shtml,155lb
1070,5-9,/players/v/vallehe01.shtml,180lb
1071,6-0,/players/v/vidaljo01.shtml,190lb
1072,6-4,/players/w/wagnega01.shtml,185lb
1073,5-8,/players/w/wallado02.shtml,165lb
1074,6-5,/players/w/wantzdi01.shtml,175lb
1075,5-11,/players/w/warneja02.shtml,190lb
1076,5-9,/players/a/alcarlu01.shtml,165lb
1077,6-2,/players/a/ardelda01.shtml,190lb
1078,6-1,/players/a/arrigge01.shtml,185lb
1079,5-7,/players/b/barbiji01.shtml,155lb
1080,6-0,/players/b/bartobo01.shtml,175lb
1081,6-2,/players/b/bearnla01.shtml,203lb
1082,6-0,/players/b/berryke01.shtml,175lb
1083,5-10,/players/b/blancda01.shtml,165lb
1084,6-1,/players/b/boccajo01.shtml,195lb
1085,6-1,/players/b/boehmle01.shtml,192lb
1086,6-0,/players/b/bonikjo01.shtml,175lb
1087,6-5,/players/b/brabege01.shtml,225lb
1088,6-2,/players/b/brennji02.shtml,180lb
1089,6-0,/players/b/brinked01.shtml,170lb
1090,6-1,/players/b/brownpa01.shtml,190lb
1091,6-1,/players/b/brubabr01.shtml,198lb
1092,6-5,/players/b/bryando01.shtml,200lb
1093,6-1,/players/c/carrocl02.shtml,178lb
1094,6-4,/players/c/casanpa01.shtml,180lb
1095,6-3,/players/c/chancde01.shtml,200lb
1096,6-0,/players/c/ciprifr01.shtml,180lb
1097,6-1,/players/c/clarkgl01.shtml,190lb
1098,6-1,/players/c/connobi01.shtml,180lb
1099,6-0,/players/c/corrapa01.shtml,180lb
1100,5-11,/players/c/coxbo01.shtml,180lb
1101,6-5,/players/c/coxca01.shtml,200lb
1102,6-2,/players/c/crideje01.shtml,200lb
1103,6-0,/players/c/culpra01.shtml,200lb
1104,6-2,/players/d/dalcabr01.shtml,205lb
1105,6-0,/players/d/davisro01.shtml,175lb
1106,6-1,/players/d/dietzdi01.shtml,195lb
1107,5-11,/players/d/downial01.shtml,175lb
1108,6-2,/players/e/edgerbi01.shtml,185lb
1109,6-1,/players/e/ellissa01.shtml,175lb
1110,6-0,/players/f/fanzoca01.shtml,200lb
1111,6-1,/players/f/fishefr01.shtml,180lb
1112,6-3,/players/f/freehbi01.shtml,203lb
1113,5-8,/players/f/frencji01.shtml,180lb
1114,6-1,/players/g/gagliph01.shtml,180lb
1115,5-9,/players/g/garrigi01.shtml,150lb
1116,5-10,/players/g/greendi01.shtml,180lb
1117,6-2,/players/h/harreke01.shtml,190lb
1118,5-10,/players/h/harrich02.shtml,185lb
1119,5-11,/players/h/hartji01.shtml,185lb
1120,5-10,/players/h/helmsto01.shtml,165lb
1121,6-2,/players/h/hubbske01.shtml,175lb
1122,6-0,/players/h/huntro01.shtml,186lb
1123,6-3,/players/j/jamesje01.shtml,195lb
1124,5-10,/players/j/jarvipa01.shtml,180lb
1125,6-2,/players/j/jonescl02.shtml,185lb
1126,5-10,/players/j/jonesst01.shtml,175lb
1127,6-2,/players/j/joycemi01.shtml,193lb
1128,6-0,/players/k/kennejo03.shtml,185lb
1129,5-9,/players/k/kenwodi01.shtml,170lb
1130,6-0,/players/k/knowlda01.shtml,180lb
1131,6-1,/players/k/kopacge01.shtml,195lb
1132,6-3,/players/k/koscoan01.shtml,205lb
1133,6-6,/players/k/krollga01.shtml,220lb
1134,6-0,/players/l/lachema01.shtml,185lb
1135,6-3,/players/l/lashefr01.shtml,190lb
1136,6-5,/players/l/leemi01.shtml,220lb
1137,5-11,/players/l/leonhda01.shtml,165lb
1138,6-0,/players/l/lewisal01.shtml,170lb
1139,6-1,/players/l/lindbpa01.shtml,185lb
1140,6-1,/players/l/longje01.shtml,200lb
1141,6-1,/players/l/loughla01.shtml,190lb
1142,5-11,/players/l/lundgo01.shtml,170lb
1143,6-2,/players/m/marenle01.shtml,200lb
1144,6-0,/players/m/martima01.shtml,170lb
1145,6-4,/players/m/mathene01.shtml,195lb
1146,6-0,/players/m/mccarti01.shtml,183lb
1147,5-10,/players/m/mcguimi01.shtml,170lb
1148,6-2,/players/m/millejo03.shtml,210lb
1149,6-2,/players/m/moorear01.shtml,190lb
1150,6-2,/players/m/morrijo06.shtml,195lb
1151,6-1,/players/p/phillad01.shtml,175lb
1152,6-4,/players/p/powelbo01.shtml,230lb
1153,6-0,/players/p/priceji01.shtml,192lb
1154,6-5,/players/r/raffoal01.shtml,210lb
1155,6-3,/players/r/reeseri01.shtml,185lb
1156,6-2,/players/r/reynoto01.shtml,190lb
1157,5-11,/players/r/ribande01.shtml,165lb
1158,6-3,/players/r/rodriro01.shtml,185lb
1159,6-2,/players/r/roofph01.shtml,190lb
1160,5-11,/players/r/rosepe01.shtml,192lb
1161,6-1,/players/r/rustedi01.shtml,175lb
1162,6-2,/players/r/ryanmi02.shtml,205lb
1163,5-11,/players/s/sandeke01.shtml,168lb
1164,5-10,/players/s/saverbo01.shtml,160lb
1165,6-2,/players/s/schleru01.shtml,175lb
1166,6-0,/players/s/sembeca01.shtml,155lb
1167,6-1,/players/s/shamsar01.shtml,168lb
1168,6-2,/players/s/simsdu01.shtml,197lb
1169,5-11,/players/s/slaugst01.shtml,165lb
1170,5-9,/players/s/smithbe01.shtml,164lb
1171,5-11,/players/s/spiezed01.shtml,180lb
1172,6-0,/players/s/sproubo01.shtml,165lb
1173,6-0,/players/s/stahlla01.shtml,175lb
1174,5-11,/players/s/stephjo02.shtml,180lb
1175,6-1,/players/s/stottme01.shtml,178lb
1176,6-0,/players/s/sullijo07.shtml,195lb
1177,6-4,/players/s/sutheda01.shtml,169lb
1178,6-2,/players/t/talbofr01.shtml,195lb
1179,6-0,/players/t/toppiru01.shtml,185lb
1180,6-0,/players/t/torboje01.shtml,195lb
1181,6-0,/players/u/uphamjo01.shtml,180lb
1182,6-3,/players/v/vineyda01.shtml,195lb
1183,6-0,/players/w/wakefbi01.shtml,175lb
1184,6-4,/players/w/waslega01.shtml,190lb
1185,5-10,/players/w/watted01.shtml,183lb
1186,6-4,/players/w/weavefl01.shtml,195lb
1187,6-3,/players/w/wenzfr01.shtml,214lb
1188,6-2,/players/w/willhni01.shtml,190lb
1189,6-2,/players/w/wissmda01.shtml,178lb
1190,6-0,/players/w/woodwi01.shtml,180lb
1191,6-1,/players/w/wrighcl01.shtml,180lb
1192,6-1,/players/z/zelleba01.shtml,185lb
1193,5-11,/players/a/ageeto01.shtml,195lb
1194,5-11,/players/a/allendi01.shtml,187lb
1195,6-2,/players/a/alouje01.shtml,190lb
1196,6-1,/players/b/bailebo01.shtml,180lb
1197,6-1,/players/b/bailest01.shtml,194lb
1198,5-9,/players/b/beenefr01.shtml,155lb
1199,6-0,/players/b/bethebi01.shtml,175lb
1200,6-1,/players/b/billidi01.shtml,195lb
1201,6-0,/players/b/blassst01.shtml,165lb
1202,5-10,/players/b/bookebu01.shtml,170lb
1203,5-10,/players/b/boschdo01.shtml,160lb
1204,5-8,/players/b/bravoan01.shtml,150lb
1205,5-11,/players/b/breedda01.shtml,185lb
1206,6-0,/players/b/brownik01.shtml,190lb
1207,6-2,/players/b/brownby01.shtml,190lb
1208,5-11,/players/b/bucheje01.shtml,185lb
1209,5-10,/players/c/campabe01.shtml,160lb
1210,6-1,/players/c/campbda01.shtml,180lb
1211,6-2,/players/c/campisa01.shtml,210lb
1212,6-1,/players/c/cardico01.shtml,190lb
1213,6-2,/players/c/chartpe01.shtml,190lb
1214,6-0,/players/c/churcle01.shtml,190lb
1215,6-2,/players/c/ciminpe01.shtml,195lb
1216,6-3,/players/c/coltola01.shtml,200lb
1217,6-4,/players/c/coombda01.shtml,200lb
1218,6-1,/players/c/culleti01.shtml,185lb
1219,6-7,/players/d/davisbi01.shtml,215lb
1220,6-2,/players/d/dennido01.shtml,190lb
1221,6-3,/players/d/dobsopa01.shtml,190lb
1222,6-1,/players/d/dottega01.shtml,180lb
1223,6-2,/players/d/dowlida01.shtml,181lb
1224,6-2,/players/d/dukesto01.shtml,185lb
1225,6-2,/players/e/esteldi01.shtml,170lb
1226,5-9,/players/e/etherbo01.shtml,170lb
1227,5-7,/players/f/fazioer01.shtml,165lb
1228,6-3,/players/f/felskjo01.shtml,195lb
1229,6-0,/players/f/fisheto02.shtml,180lb
1230,6-0,/players/f/fitzmsh01.shtml,180lb
1231,6-2,/players/f/flavijo01.shtml,208lb
1232,6-0,/players/f/fletcto01.shtml,170lb
1233,6-1,/players/f/fregoji01.shtml,190lb
1234,6-4,/players/g/garibbo01.shtml,210lb
1235,6-0,/players/g/gerbege01.shtml,180lb
1236,6-5,/players/g/gilsoha01.shtml,195lb
1237,5-11,/players/g/gosgeji01.shtml,185lb
1238,5-10,/players/g/groteje01.shtml,185lb
1239,6-2,/players/h/haneyla01.shtml,195lb
1240,6-3,/players/h/hargast01.shtml,170lb
1241,5-11,/players/h/hartech01.shtml,165lb
1242,6-1,/players/h/heganmi01.shtml,188lb
1243,6-4,/players/h/heisero01.shtml,190lb
1244,6-3,/players/h/henrybi02.shtml,195lb
1245,5-8,/players/h/herrejo01.shtml,165lb
1246,6-2,/players/h/hiattja01.shtml,190lb
1247,6-1,/players/h/hilgeto01.shtml,187lb
1248,6-1,/players/h/holtgve01.shtml,183lb
1249,5-11,/players/h/hortowi01.shtml,209lb
1250,5-11,/players/h/hundlra01.shtml,170lb
1251,6-0,/players/j/jacksgr01.shtml,180lb
1252,5-10,/players/j/jaeckja01.shtml,170lb
1253,6-5,/players/j/jenkife01.shtml,205lb
1254,6-2,/players/j/jenkija01.shtml,195lb
1255,6-0,/players/j/johnsal01.shtml,205lb
1256,6-1,/players/j/johnsfr03.shtml,155lb
1257,6-0,/players/j/jonescl01.shtml,185lb
1258,6-0,/players/j/josepdu01.shtml,190lb
1259,6-1,/players/k/kessido01.shtml,170lb
1260,6-2,/players/k/koosmje01.shtml,205lb
1261,6-0,/players/k/kubiate01.shtml,175lb
1262,6-2,/players/l/landibi01.shtml,178lb
1263,6-2,/players/l/lanieha01.shtml,180lb
1264,6-0,/players/l/lefebji01.shtml,180lb
1265,5-11,/players/l/lockero01.shtml,168lb
1266,6-5,/players/l/lonboji01.shtml,200lb
1267,6-4,/players/l/lovripe01.shtml,200lb
1268,6-2,/players/m/maclebi01.shtml,190lb
1269,6-0,/players/m/magripe01.shtml,195lb
1270,6-0,/players/m/martijo04.shtml,178lb
1271,6-5,/players/m/mcdowsa01.shtml,190lb
1272,6-3,/players/m/mcmulke01.shtml,190lb
1273,5-11,/players/m/mcnalda01.shtml,185lb
1274,6-1,/players/m/morehda01.shtml,185lb
1275,5-11,/players/m/murphda04.shtml,185lb
1276,5-11,/players/n/napolda01.shtml,190lb
1277,6-6,/players/n/nashco01.shtml,220lb
1278,6-3,/players/n/newmafr01.shtml,180lb
1279,6-2,/players/n/niesoch01.shtml,185lb
1280,5-8,/players/n/normafr01.shtml,155lb
1281,5-10,/players/n/nymanje01.shtml,165lb
1282,5-8,/players/p/parkebi01.shtml,168lb
1283,6-2,/players/p/penajo01.shtml,190lb
1284,5-11,/players/p/perazlu01.shtml,185lb
1285,6-2,/players/p/perezto01.shtml,175lb
1286,6-2,/players/p/peterca01.shtml,195lb
1287,6-0,/players/p/peterfr01.shtml,185lb
1288,5-8,/players/p/phoebto01.shtml,185lb
1289,6-2,/players/p/pointaa01.shtml,185lb
1290,6-2,/players/p/purdijo01.shtml,185lb
1291,6-1,/players/q/queenme02.shtml,189lb
1292,5-9,/players/r/raudmbo01.shtml,185lb
1293,6-6,/players/r/reedro01.shtml,215lb
1294,6-3,/players/r/riosju01.shtml,185lb
1295,6-4,/players/r/roberda04.shtml,180lb
1296,6-3,/players/r/rolanji01.shtml,175lb
1297,6-0,/players/r/rookeji01.shtml,195lb
1298,6-1,/players/s/scheiri01.shtml,180lb
1299,6-3,/players/s/schneda01.shtml,170lb
1300,6-2,/players/s/sevcijo01.shtml,205lb
1301,6-3,/players/s/sheast01.shtml,215lb
1302,6-2,/players/s/shockco01.shtml,200lb
1303,6-3,/players/s/siskto01.shtml,195lb
1304,6-1,/players/s/sparmjo01.shtml,190lb
1305,5-10,/players/s/staehma01.shtml,165lb
1306,6-1,/players/s/stanlmi01.shtml,185lb
1307,6-2,/players/s/stonero02.shtml,185lb
1308,6-2,/players/t/tayloch02.shtml,195lb
1309,6-1,/players/u/umbacar01.shtml,180lb
1310,6-6,/players/u/upshace01.shtml,205lb
1311,6-0,/players/w/webstra02.shtml,185lb
1312,6-3,/players/w/whillja01.shtml,195lb
1313,6-2,/players/w/wilsobi03.shtml,195lb
1314,6-0,/players/w/wojcijo01.shtml,175lb
1315,6-0,/players/w/wolfwa01.shtml,191lb
1316,6-2,/players/w/woodwwo01.shtml,180lb
1317,5-10,/players/w/wynnji01.shtml,160lb
1318,6-3,/players/a/adamsdo01.shtml,185lb
1319,6-0,/players/a/adlesda01.shtml,187lb
1320,6-3,/players/a/allenro01.shtml,205lb
1321,5-9,/players/a/alomasa01.shtml,140lb
1322,6-3,/players/a/andremi01.shtml,195lb
1323,6-3,/players/a/arciajo01.shtml,170lb
1324,6-2,/players/a/arlicdo01.shtml,185lb
1325,6-2,/players/b/barnoed01.shtml,195lb
1326,6-4,/players/b/billija01.shtml,195lb
1327,6-1,/players/b/blasiwa01.shtml,185lb
1328,6-2,/players/b/blefacu01.shtml,195lb
1329,6-4,/players/b/bollogr01.shtml,183lb
1330,5-11,/players/b/brilene01.shtml,195lb
1331,6-1,/players/b/brownja01.shtml,195lb
1332,5-7,/players/b/brownra02.shtml,170lb
1333,5-11,/players/b/burgmto01.shtml,185lb
1334,6-0,/players/c/campbji02.shtml,205lb
1335,5-10,/players/c/cardejo02.shtml,150lb
1336,5-10,/players/c/clarkro02.shtml,175lb
1337,6-2,/players/c/clostal01.shtml,190lb
1338,6-4,/players/c/cosmaji01.shtml,211lb
1339,6-2,/players/c/culvege01.shtml,185lb
1340,6-2,/players/d/darwibo01.shtml,190lb
1341,5-10,/players/d/davisbr02.shtml,165lb
1342,6-2,/players/d/degermi01.shtml,178lb
1343,6-0,/players/d/derrimi01.shtml,190lb
1344,6-5,/players/d/dickepa01.shtml,195lb
1345,6-2,/players/d/dilauja01.shtml,185lb
1346,5-10,/players/d/dillost01.shtml,160lb
1347,5-11,/players/d/donaljo01.shtml,160lb
1348,6-5,/players/e/edmonpa01.shtml,195lb
1349,6-3,/players/e/epstemi01.shtml,230lb
1350,6-1,/players/e/etchean01.shtml,190lb
1351,6-0,/players/f/fernafr01.shtml,185lb
1352,6-1,/players/f/floydbo01.shtml,180lb
1353,6-0,/players/f/foyjo01.shtml,215lb
1354,6-3,/players/g/garread01.shtml,185lb
1355,6-2,/players/g/gebhabo01.shtml,210lb
1356,6-2,/players/g/gelnajo01.shtml,185lb
1357,6-5,/players/g/gleasro01.shtml,220lb
1358,6-1,/players/g/grayda01.shtml,190lb
1359,6-0,/players/g/griffde01.shtml,168lb
1360,6-2,/players/g/guindbo01.shtml,185lb
1361,5-9,/players/g/gutiece01.shtml,155lb
1362,6-0,/players/h/hardiji01.shtml,175lb
1363,6-0,/players/h/harribi04.shtml,175lb
1364,6-1,/players/h/hillejo01.shtml,185lb
1365,6-0,/players/h/hoffmjo01.shtml,190lb
1366,5-10,/players/h/hopkiga01.shtml,198lb
1367,6-2,/players/h/howarbr01.shtml,180lb
1368,5-11,/players/h/hriniwa01.shtml,180lb
1369,6-3,/players/j/johnto01.shtml,180lb
1370,6-4,/players/j/johnsbo03.shtml,220lb
1371,6-1,/players/j/johnsda02.shtml,170lb
1372,6-3,/players/j/johnsje01.shtml,200lb
1373,6-1,/players/j/jonesda03.shtml,180lb
1374,6-5,/players/j/joycedi01.shtml,225lb
1375,6-2,/players/k/kellero01.shtml,200lb
1376,6-2,/players/k/klagefr01.shtml,185lb
1377,6-0,/players/k/krausle02.shtml,175lb
1378,6-3,/players/k/kurtzha01.shtml,205lb
1379,6-1,/players/l/lazarda01.shtml,190lb
1380,5-10,/players/l/llenawi01.shtml,165lb
1381,5-11,/players/l/lookbr01.shtml,183lb
1382,6-3,/players/l/lopezma01.shtml,195lb
1383,6-1,/players/m/manniji02.shtml,185lb
1384,6-1,/players/m/marshda01.shtml,182lb
1385,5-10,/players/m/marshmi01.shtml,180lb
1386,6-1,/players/m/matchto01.shtml,173lb
1387,5-10,/players/m/mayda01.shtml,186lb
1388,6-2,/players/m/mayje01.shtml,190lb
1389,6-3,/players/m/mayle01.shtml,195lb
1390,5-10,/players/m/mccalbr01.shtml,170lb
1391,6-3,/players/m/mcdonda01.shtml,215lb
1392,6-0,/players/m/mcginda01.shtml,185lb
1393,6-1,/players/m/mcgloji01.shtml,185lb
1394,6-3,/players/m/merriji01.shtml,175lb
1395,6-2,/players/m/milesji01.shtml,210lb
1396,5-11,/players/m/millafe01.shtml,172lb
1397,6-3,/players/m/mitchbo02.shtml,185lb
1398,6-5,/players/m/moelljo01.shtml,192lb
1399,5-11,/players/m/monteau01.shtml,180lb
1400,5-5,/players/m/montral01.shtml,158lb
1401,6-1,/players/m/mooreba01.shtml,190lb
1402,5-11,/players/m/moralri01.shtml,170lb
1403,5-7,/players/m/morgajo02.shtml,160lb
1404,6-2,/players/m/murreiv01.shtml,195lb
1405,6-4,/players/m/musgrde01.shtml,188lb
1406,6-2,/players/n/nolddi01.shtml,190lb
1407,6-4,/players/n/noriejo01.shtml,185lb
1408,6-3,/players/o/olivebo01.shtml,205lb
1409,6-1,/players/o/osteeda01.shtml,170lb
1410,5-11,/players/p/parrisa01.shtml,185lb
1411,6-4,/players/p/patteda02.shtml,192lb
1412,5-11,/players/p/pattima01.shtml,180lb
1413,6-4,/players/p/peppedo01.shtml,215lb
1414,6-0,/players/p/petrori01.shtml,175lb
1415,6-1,/players/p/pfeilbo01.shtml,180lb
1416,6-0,/players/p/pinielo01.shtml,182lb
1417,6-3,/players/r/rathfr01.shtml,200lb
1418,6-2,/players/r/reamsle01.shtml,175lb
1419,6-3,/players/r/reichri01.shtml,210lb
1420,5-10,/players/r/retteme01.shtml,190lb
1421,6-2,/players/r/roberje01.shtml,205lb
1422,6-2,/players/r/robinbi02.shtml,189lb
1423,6-1,/players/r/romovi01.shtml,180lb
1424,5-11,/players/s/schaapa01.shtml,165lb
1425,6-4,/players/s/schmeal01.shtml,210lb
1426,5-11,/players/s/selmadi01.shtml,160lb
1427,6-2,/players/s/shellji01.shtml,200lb
1428,6-4,/players/s/simpsdi01.shtml,176lb
1429,5-11,/players/s/staneal01.shtml,190lb
1430,6-2,/players/s/stephje01.shtml,185lb
1431,5-9,/players/s/suareke01.shtml,175lb
1432,5-11,/players/s/suklaed01.shtml,170lb
1433,5-8,/players/t/theobro01.shtml,165lb
1434,6-2,/players/t/turneke01.shtml,190lb
1435,6-0,/players/v/verbajo01.shtml,155lb
1436,6-0,/players/v/vonhobr01.shtml,187lb
1437,6-2,/players/v/vossbi01.shtml,160lb
1438,6-2,/players/w/walkelu01.shtml,190lb
1439,6-0,/players/w/warneja03.shtml,180lb
1440,6-0,/players/w/whitast01.shtml,180lb
1441,6-1,/players/w/whitbbi01.shtml,190lb
1442,5-10,/players/w/whitero01.shtml,160lb
1443,6-2,/players/w/wickefl01.shtml,175lb
1444,5-10,/players/w/williji03.shtml,170lb
1445,5-6,/players/w/williwa02.shtml,165lb
1446,6-2,/players/w/williro01.shtml,185lb
1447,5-10,/players/w/woodsro01.shtml,168lb
1448,6-3,/players/w/wynnebi02.shtml,205lb
1449,5-11,/players/y/yellela01.shtml,190lb
1450,6-5,/players/a/acosted01.shtml,215lb
1451,6-2,/players/b/bahnsst01.shtml,185lb
1452,5-10,/players/b/bakerfr02.shtml,180lb
1453,5-10,/players/b/balesle01.shtml,165lb
1454,6-0,/players/b/bandosa01.shtml,195lb
1455,6-1,/players/b/belanma01.shtml,170lb
1456,5-11,/players/b/bertafr01.shtml,177lb
1457,6-5,/players/b/bibbyji01.shtml,235lb
1458,6-0,/players/b/blairpa01.shtml,168lb
1459,6-3,/players/b/blatest01.shtml,200lb
1460,6-2,/players/b/bosmadi01.shtml,205lb
1461,5-11,/players/b/bradfbu01.shtml,170lb
1462,6-2,/players/b/breedha01.shtml,200lb
1463,6-1,/players/b/briggjo02.shtml,190lb
1464,6-1,/players/b/brinkch01.shtml,185lb
1465,6-5,/players/b/brittji02.shtml,225lb
1466,6-1,/players/b/brossfr01.shtml,180lb
1467,6-2,/players/b/brownol02.shtml,178lb
1468,6-4,/players/c/calmudi01.shtml,187lb
1469,6-0,/players/c/campaji01.shtml,195lb
1470,6-1,/players/c/campbjo02.shtml,175lb
1471,6-4,/players/c/carltst01.shtml,210lb
1472,6-2,/players/c/coggifr01.shtml,187lb
1473,5-11,/players/c/coletch01.shtml,190lb
1474,5-10,/players/c/colpadi01.shtml,182lb
1475,5-10,/players/c/comerwa01.shtml,175lb
1476,5-10,/players/c/comptmi01.shtml,180lb
1477,6-4,/players/d/dobsoch01.shtml,200lb
1478,5-9,/players/d/doylede01.shtml,175lb
1479,5-11,/players/d/driscji01.shtml,175lb
1480,5-10,/players/f/faireji01.shtml,190lb
1481,5-11,/players/f/ferrami01.shtml,175lb
1482,6-0,/players/f/fioremi01.shtml,175lb
1483,5-11,/players/f/fuentti01.shtml,175lb
1484,6-1,/players/f/fulleve01.shtml,170lb
1485,6-1,/players/g/gardnro01.shtml,176lb
1486,6-3,/players/g/gastoci01.shtml,190lb
1487,6-2,/players/g/grangwa01.shtml,165lb
1488,5-10,/players/g/guinnsk01.shtml,180lb
1489,6-0,/players/h/haguejo01.shtml,195lb
1490,6-2,/players/h/hairsjo01.shtml,200lb
1491,6-2,/players/h/harmote01.shtml,180lb
1492,5-11,/players/h/harrebu01.shtml,160lb
1493,6-0,/players/h/haydeha01.shtml,190lb
1494,6-0,/players/h/hibbsji01.shtml,190lb
1495,6-2,/players/h/hodgego01.shtml,185lb
1496,6-1,/players/h/holmaga01.shtml,200lb
1497,6-0,/players/h/holtji01.shtml,180lb
1498,6-3,/players/h/hortoto01.shtml,210lb
1499,5-10,/players/h/hovlest01.shtml,188lb
1500,5-9,/players/j/jacksso01.shtml,150lb
1501,6-3,/players/j/jastela01.shtml,190lb
1502,6-1,/players/j/jeterjo01.shtml,180lb
1503,6-0,/players/k/kelleto01.shtml,190lb
1504,6-1,/players/k/kellypa01.shtml,185lb
1505,6-1,/players/k/kingha01.shtml,200lb
1506,5-11,/players/k/kirkped01.shtml,195lb
1507,6-2,/players/k/klimkro01.shtml,190lb
1508,6-3,/players/k/kraneed01.shtml,205lb
1509,6-0,/players/l/larusto01.shtml,175lb
1510,6-1,/players/l/lambra01.shtml,170lb
1511,5-11,/players/l/larosvi01.shtml,180lb
1512,6-0,/players/l/lerscba01.shtml,175lb
1513,6-1,/players/l/lylesp01.shtml,182lb
1514,6-4,/players/m/manuech01.shtml,195lb
1515,5-11,/players/m/masondo01.shtml,160lb
1516,5-11,/players/m/matiajo01.shtml,170lb
1517,6-2,/players/m/mayru01.shtml,205lb
1518,6-2,/players/m/mcandji01.shtml,185lb
1519,6-2,/players/m/mccoobi01.shtml,195lb
1520,6-2,/players/m/mcfadle01.shtml,195lb
1521,6-0,/players/m/mcgratu01.shtml,170lb
1522,6-1,/players/m/mclaide01.shtml,185lb
1523,5-11,/players/m/millejo04.shtml,195lb
1524,5-10,/players/m/mingost01.shtml,165lb
1525,6-1,/players/m/montgbo01.shtml,195lb
1526,6-1,/players/m/moockjo01.shtml,180lb
1527,5-11,/players/m/moraljo01.shtml,187lb
1528,6-0,/players/m/mortoca01.shtml,200lb
1529,6-0,/players/m/murakma01.shtml,180lb
1530,6-1,/players/m/murphbi01.shtml,190lb
1531,6-0,/players/n/nagelru01.shtml,205lb
1532,6-3,/players/n/neibaga01.shtml,200lb
1533,5-10,/players/n/nelsoda01.shtml,160lb
1534,6-3,/players/n/nelsoro02.shtml,200lb
1535,6-0,/players/n/nettlgr01.shtml,180lb
1536,6-1,/players/n/niekrjo01.shtml,185lb
1537,6-4,/players/n/nyeri01.shtml,185lb
1538,6-1,/players/o/o'brisy01.shtml,185lb
1539,5-5,/players/p/patekfr01.shtml,148lb
1540,6-1,/players/p/philled03.shtml,190lb
1541,6-2,/players/r/raderdo02.shtml,208lb
1542,6-2,/players/r/ratlipa01.shtml,190lb
1543,6-1,/players/r/rayji01.shtml,185lb
1544,6-5,/players/r/reberfr01.shtml,200lb
1545,6-0,/players/r/renicri01.shtml,188lb
1546,6-5,/players/r/renkost01.shtml,230lb
1547,5-10,/players/r/ricofr01.shtml,180lb
1548,6-3,/players/r/rittwji01.shtml,190lb
1549,6-3,/players/r/roberda05.shtml,195lb
1550,6-2,/players/r/roberri01.shtml,210lb
1551,6-3,/players/r/rounsge01.shtml,205lb
1552,5-11,/players/s/sanchce01.shtml,160lb
1553,6-0,/players/s/sanguma01.shtml,193lb
1554,6-1,/players/s/scherfr01.shtml,195lb
1555,6-0,/players/s/schrobo01.shtml,175lb
1556,6-3,/players/s/schwara01.shtml,230lb
1557,6-2,/players/s/scottge02.shtml,200lb
1558,6-1,/players/s/seaveto01.shtml,195lb
1559,6-2,/players/s/secrido01.shtml,195lb
1560,6-3,/players/s/several01.shtml,220lb
1561,6-0,/players/s/shawdo01.shtml,180lb
1562,6-4,/players/s/singebi01.shtml,184lb
1563,6-5,/players/s/smithdi03.shtml,200lb
1564,6-2,/players/s/staubru01.shtml,190lb
1565,6-4,/players/s/stephbu01.shtml,205lb
1566,5-11,/players/s/stonege03.shtml,190lb
1567,5-10,/players/s/stonebi01.shtml,170lb
1568,6-4,/players/s/suchdi01.shtml,190lb
1569,6-0,/players/s/suthega01.shtml,185lb
1570,5-11,/players/s/swansst01.shtml,168lb
1571,6-2,/players/s/swoboro01.shtml,195lb
1572,6-2,/players/t/tatumke01.shtml,205lb
1573,5-9,/players/t/taylobo01.shtml,170lb
1574,6-2,/players/t/tayloca01.shtml,200lb
1575,6-6,/players/t/thoendi01.shtml,215lb
1576,5-10,/players/t/tischto01.shtml,190lb
1577,6-4,/players/t/tompkro01.shtml,198lb
1578,6-1,/players/u/unserde01.shtml,180lb
1579,5-11,/players/v/vaughgl01.shtml,170lb
1580,6-3,/players/v/vinsoch01.shtml,207lb
1581,5-10,/players/w/watkida01.shtml,185lb
1582,6-2,/players/z/zachach02.shtml,200lb
1583,5-10,/players/z/zamoros01.shtml,178lb
1584,6-3,/players/a/arlinst01.shtml,195lb
1585,5-10,/players/b/bakenda01.shtml,168lb
1586,6-0,/players/b/batesdi01.shtml,190lb
1587,6-1,/players/b/batisra01.shtml,195lb
1588,6-5,/players/b/benneda01.shtml,195lb
1589,6-5,/players/b/blancgi01.shtml,205lb
1590,6-0,/players/b/blancos01.shtml,185lb
1591,6-3,/players/b/bosweda01.shtml,185lb
1592,5-10,/players/b/bowala01.shtml,155lb
1593,5-8,/players/b/brookbo01.shtml,165lb
1594,5-11,/players/b/browncu02.shtml,180lb
1595,6-2,/players/b/brownjo04.shtml,190lb
1596,6-2,/players/b/bunkewa01.shtml,197lb
1597,6-0,/players/c/carewro01.shtml,170lb
1598,6-7,/players/c/chlupbo01.shtml,215lb
1599,5-10,/players/c/chrisbo01.shtml,180lb
1600,6-4,/players/c/colbevi01.shtml,200lb
1601,6-3,/players/c/conigto01.shtml,185lb
1602,5-10,/players/c/coultch01.shtml,172lb
1603,5-10,/players/d/dahlja01.shtml,183lb
1604,5-11,/players/d/davanje01.shtml,175lb
1605,6-1,/players/d/davismi01.shtml,170lb
1606,6-0,/players/d/deanto01.shtml,165lb
1607,6-2,/players/d/dillmbi01.shtml,180lb
1608,6-1,/players/d/dragodi01.shtml,190lb
1609,6-7,/players/d/duffijo01.shtml,210lb
1610,5-11,/players/d/dukesja01.shtml,175lb
1611,6-2,/players/d/duncada01.shtml,190lb
1612,6-0,/players/d/dyerdu01.shtml,187lb
1613,6-3,/players/e/ellisdo01.shtml,205lb
1614,6-2,/players/e/ellisji01.shtml,185lb
1615,6-0,/players/f/fostero01.shtml,185lb
1616,6-0,/players/g/gallaal01.shtml,180lb
1617,5-11,/players/g/garrra01.shtml,185lb
1618,5-11,/players/g/gillipa01.shtml,210lb
1619,5-11,/players/g/goggich01.shtml,175lb
1620,6-1,/players/g/goossgr01.shtml,210lb
1621,6-3,/players/g/gramlto01.shtml,175lb
1622,6-5,/players/h/harrebi02.shtml,215lb
1623,6-3,/players/h/harrito01.shtml,200lb
1624,6-0,/players/h/heplebi01.shtml,160lb
1625,6-2,/players/h/hernaje01.shtml,175lb
1626,6-1,/players/h/hertzst01.shtml,195lb
1627,6-2,/players/h/hillhe02.shtml,190lb
1628,5-11,/players/h/hinslje01.shtml,165lb
1629,6-2,/players/h/holtzke01.shtml,175lb
1630,6-3,/players/h/howarla01.shtml,200lb
1631,6-1,/players/h/huntzst01.shtml,204lb
1632,5-11,/players/j/johnsji03.shtml,175lb
1633,6-1,/players/j/johnsja01.shtml,175lb
1634,6-0,/players/j/jonesga01.shtml,191lb
1635,6-3,/players/j/jurewmi01.shtml,205lb
1636,6-1,/players/k/kekicmi01.shtml,196lb
1637,6-1,/players/k/kenneje01.shtml,170lb
1638,6-3,/players/k/kilkemi01.shtml,175lb
1639,6-2,/players/k/kusnyar01.shtml,197lb
1640,6-0,/players/l/lachere01.shtml,198lb
1641,6-2,/players/l/lampake01.shtml,197lb
1642,5-9,/players/l/lopesda01.shtml,170lb
1643,6-0,/players/l/lummi01.shtml,180lb
1644,5-11,/players/m/maronlo01.shtml,185lb
1645,6-0,/players/m/mashocl01.shtml,182lb
1646,5-11,/players/m/mcraeha01.shtml,180lb
1647,6-2,/players/m/meltobi01.shtml,200lb
1648,6-1,/players/m/messean01.shtml,200lb
1649,6-3,/players/m/millsdi01.shtml,195lb
1650,6-2,/players/m/mittege01.shtml,195lb
1651,6-3,/players/m/mondari01.shtml,193lb
1652,5-10,/players/m/moorega01.shtml,175lb
1653,6-2,/players/m/moschro01.shtml,175lb
1654,6-3,/players/m/murphto02.shtml,185lb
1655,6-5,/players/n/nashji01.shtml,215lb
1656,6-5,/players/n/newmara01.shtml,205lb
1657,6-3,/players/o/o'rildo01.shtml,205lb
1658,6-0,/players/o/odombl01.shtml,178lb
1659,6-4,/players/o/ollomji01.shtml,210lb
1660,6-2,/players/p/paciojo01.shtml,200lb
1661,6-0,/players/p/paepkde01.shtml,202lb
1662,6-3,/players/p/palmeji01.shtml,190lb
1663,6-1,/players/p/panthji01.shtml,190lb
1664,6-0,/players/p/paulmi01.shtml,175lb
1665,6-2,/players/p/pinaho01.shtml,177lb
1666,6-5,/players/r/ratlige01.shtml,185lb
1667,5-10,/players/r/redmowa01.shtml,165lb
1668,5-10,/players/r/reedbo01.shtml,175lb
1669,6-3,/players/r/riddlde01.shtml,195lb
1670,6-3,/players/r/rohrbi01.shtml,170lb
1671,5-10,/players/r/rosarji01.shtml,155lb
1672,6-3,/players/r/rubiojo01.shtml,200lb
1673,6-2,/players/s/sandejo01.shtml,200lb
1674,6-0,/players/s/severri01.shtml,174lb
1675,5-9,/players/s/shopato01.shtml,160lb
1676,5-10,/players/s/silveto01.shtml,170lb
1677,5-10,/players/s/sizemte01.shtml,165lb
1678,6-3,/players/s/skidmro01.shtml,188lb
1679,6-2,/players/s/slocuro01.shtml,185lb
1680,6-0,/players/s/smithre06.shtml,180lb
1681,6-2,/players/s/southbi02.shtml,205lb
1682,6-4,/players/s/spraged01.shtml,195lb
1683,5-11,/players/s/stinsbo01.shtml,180lb
1684,6-1,/players/s/suttodo01.shtml,185lb
1685,6-2,/players/t/tayloga01.shtml,190lb
1686,5-8,/players/t/terlebo01.shtml,185lb
1687,6-1,/players/t/thornot01.shtml,186lb
1688,5-11,/players/t/tolanbo01.shtml,170lb
1689,6-0,/players/t/torrehe01.shtml,175lb
1690,6-2,/players/t/trevibo01.shtml,185lb
1691,6-2,/players/w/wilsodo01.shtml,195lb
1692,6-1,/players/w/wiseri01.shtml,180lb
1693,6-5,/players/w/woodsdi01.shtml,205lb
1694,6-2,/players/y/yatesal01.shtml,210lb
1695,6-2,/players/y/youngdo01.shtml,185lb
1696,6-1,/players/z/zahnge01.shtml,180lb
